Filepath,File Name,Sample Type,Method,Batch
HILICpos/HEU_Batch6_Sample25_HILIC_pos_SZ_07172023_069.mzML,HEU_Batch6_Sample25_HILIC_pos_SZ_07172023_069.mzML,Unknown,HILICpos,6
HILICpos/HEU_Batch7_Sample19_HILIC_pos_SZ_07202023_055.mzML,HEU_Batch7_Sample19_HILIC_pos_SZ_07202023_055.mzML,Unknown,HILICpos,7
HILICpos/HEU_Batch6_Sample22_HILIC_pos_SZ_07172023_063.mzML,HEU_Batch6_Sample22_HILIC_pos_SZ_07172023_063.mzML,Unknown,HILICpos,6
HILICpos/HEU_Batch5_Pool_QC_Injection3uL_HILIC_pos_3_SZ_07132023_059.mzML,HEU_Batch5_Pool_QC_Injection3uL_HILIC_pos_3_SZ_07132023_059.mzML,QC,HILICpos,5
HILICpos/HEU_Batch5_Pool_QC_Injection1uL_HILIC_pos_1_SZ_07132023_015.mzML,HEU_Batch5_Pool_QC_Injection1uL_HILIC_pos_1_SZ_07132023_015.mzML,QC,HILICpos,5
HILICpos/HEU_Batch8_Blank_IS_HILIC_pos_1_SZ_07242023_003.mzML,HEU_Batch8_Blank_IS_HILIC_pos_1_SZ_07242023_003.mzML,Blank_IS,HILICpos,8
HILICpos/HEU_Batch5_Solvent_Blank_MobileA50B50_HILIC_pos_1_SZ_07132023_001.mzML,HEU_Batch5_Solvent_Blank_MobileA50B50_HILIC_pos_1_SZ_07132023_001.mzML,Solvent_Blank,HILICpos,5
HILICpos/HEU_Batch5_Sample37_HILIC_pos_SZ_07132023_095.mzML,HEU_Batch5_Sample37_HILIC_pos_SZ_07132023_095.mzML,Unknown,HILICpos,5
HILICpos/HEU_Batch3_Sample41_HILIC_pos_SZ_07032023_105.mzML,HEU_Batch3_Sample41_HILIC_pos_SZ_07032023_105.mzML,Unknown,HILICpos,3
HILICpos/HEU_Batch4_Blank_IS_HILIC_pos_2_SZ_07072023_147.mzML,HEU_Batch4_Blank_IS_HILIC_pos_2_SZ_07072023_147.mzML,Blank_IS,HILICpos,4
HILICpos/Batch2_HEU054_M_HILIC_pos.mzML,Batch2_HEU054_M_HILIC_pos.mzML,Unknown,HILICpos,2
HILICpos/HEU_Batch8_Pool_QC_Injection3uL_HILIC_pos_4_SZ_07242023_081.mzML,HEU_Batch8_Pool_QC_Injection3uL_HILIC_pos_4_SZ_07242023_081.mzML,QC,HILICpos,8
HILICpos/HEU_Batch1_Sample32_HILIC_pos_SZ_07272023_085.mzML,HEU_Batch1_Sample32_HILIC_pos_SZ_07272023_085.mzML,Unknown,HILICpos,1
HILICpos/HEU_Batch6_Sample26_HILIC_pos_SZ_07172023_071.mzML,HEU_Batch6_Sample26_HILIC_pos_SZ_07172023_071.mzML,Unknown,HILICpos,6
HILICpos/HEU_Batch1_NIST_HILIC_pos_2_SZ_07272023_145.mzML,HEU_Batch1_NIST_HILIC_pos_2_SZ_07272023_145.mzML,NIST,HILICpos,1
HILICpos/HEU_Batch3_Sample20_HILIC_pos_SZ_07032023_057.mzML,HEU_Batch3_Sample20_HILIC_pos_SZ_07032023_057.mzML,Unknown,HILICpos,3
HILICpos/HEU_Batch5_Sample33_HILIC_pos_SZ_07132023_087.mzML,HEU_Batch5_Sample33_HILIC_pos_SZ_07132023_087.mzML,Unknown,HILICpos,5
HILICpos/HEU_Batch4_Sample47_HILIC_pos_SZ_07072023_117.mzML,HEU_Batch4_Sample47_HILIC_pos_SZ_07072023_117.mzML,Unknown,HILICpos,4
HILICpos/HEU_Batch5_Sample38_HILIC_pos_SZ_07132023_097.mzML,HEU_Batch5_Sample38_HILIC_pos_SZ_07132023_097.mzML,Unknown,HILICpos,5
HILICpos/HEU_Batch3_Pool_QC_Injection3uL_HILIC_pos_4_SZ_07032023_081.mzML,HEU_Batch3_Pool_QC_Injection3uL_HILIC_pos_4_SZ_07032023_081.mzML,QC,HILICpos,3
HILICpos/HEU_Batch4_Sample53_HILIC_pos_SZ_07072023_131.mzML,HEU_Batch4_Sample53_HILIC_pos_SZ_07072023_131.mzML,Unknown,HILICpos,4
HILICpos/HEU_Batch4_Pool_QC_Injection3uL_HILIC_pos_7_SZ_07072023_139.mzML,HEU_Batch4_Pool_QC_Injection3uL_HILIC_pos_7_SZ_07072023_139.mzML,QC,HILICpos,4
HILICpos/HEU_Batch3_Sample49_HILIC_pos_SZ_07032023_121.mzML,HEU_Batch3_Sample49_HILIC_pos_SZ_07032023_121.mzML,Unknown,HILICpos,3
HILICpos/HEU_Batch8_Blank_IS_HILIC_pos_2_SZ_07242023_145.mzML,HEU_Batch8_Blank_IS_HILIC_pos_2_SZ_07242023_145.mzML,Blank_IS,HILICpos,8
HILICpos/HEU_Batch5_Sample35_HILIC_pos_SZ_07132023_091.mzML,HEU_Batch5_Sample35_HILIC_pos_SZ_07132023_091.mzML,Unknown,HILICpos,5
HILICpos/HEU_Batch8_Sample36_HILIC_pos_SZ_07242023_093.mzML,HEU_Batch8_Sample36_HILIC_pos_SZ_07242023_093.mzML,Unknown,HILICpos,8
HILICpos/HEU_Batch3_Sample55_HILIC_pos_SZ_07032023_135.mzML,HEU_Batch3_Sample55_HILIC_pos_SZ_07032023_135.mzML,Unknown,HILICpos,3
HILICpos/HEU_Batch7_Sample14_HILIC_pos_SZ_07202023_045.mzML,HEU_Batch7_Sample14_HILIC_pos_SZ_07202023_045.mzML,Unknown,HILICpos,7
HILICpos/Batch2_HEU093_M_HILIC_pos.mzML,Batch2_HEU093_M_HILIC_pos.mzML,Unknown,HILICpos,2
HILICpos/Batch2_HEU103_B_HILIC_pos.mzML,Batch2_HEU103_B_HILIC_pos.mzML,Unknown,HILICpos,2
HILICpos/HEU_Batch3_Sample52_HILIC_pos_SZ_07032023_129.mzML,HEU_Batch3_Sample52_HILIC_pos_SZ_07032023_129.mzML,Unknown,HILICpos,3
HILICpos/Batch2_HEU207_B_HILIC_pos.mzML,Batch2_HEU207_B_HILIC_pos.mzML,Unknown,HILICpos,2
HILICpos/HEU_Batch4_Sample45_HILIC_pos_SZ_07072023_113.mzML,HEU_Batch4_Sample45_HILIC_pos_SZ_07072023_113.mzML,Unknown,HILICpos,4
HILICpos/HEU_Batch5_Sample31_HILIC_pos_SZ_07132023_083.mzML,HEU_Batch5_Sample31_HILIC_pos_SZ_07132023_083.mzML,Unknown,HILICpos,5
HILICpos/HEU_Batch3_Sample51_HILIC_pos_SZ_07032023_127.mzML,HEU_Batch3_Sample51_HILIC_pos_SZ_07032023_127.mzML,Unknown,HILICpos,3
HILICpos/HEU_Batch3_Sample54_HILIC_pos_SZ_07032023_133.mzML,HEU_Batch3_Sample54_HILIC_pos_SZ_07032023_133.mzML,Unknown,HILICpos,3
HILICpos/HEU_Batch4_Process_Blank_HILIC_pos_2_SZ_07072023_145.mzML,HEU_Batch4_Process_Blank_HILIC_pos_2_SZ_07072023_145.mzML,Process_Blank,HILICpos,4
HILICpos/HEU_Batch8_Sample37_HILIC_pos_SZ_07242023_095.mzML,HEU_Batch8_Sample37_HILIC_pos_SZ_07242023_095.mzML,Unknown,HILICpos,8
HILICpos/HEU_Batch5_Sample58_HILIC_pos_SZ_07132023_141.mzML,HEU_Batch5_Sample58_HILIC_pos_SZ_07132023_141.mzML,Unknown,HILICpos,5
HILICpos/HEU_Batch3_Sample42_HILIC_pos_SZ_07032023_107.mzML,HEU_Batch3_Sample42_HILIC_pos_SZ_07032023_107.mzML,Unknown,HILICpos,3
HILICpos/HEU_Batch4_Sample48_HILIC_pos_SZ_07072023_119.mzML,HEU_Batch4_Sample48_HILIC_pos_SZ_07072023_119.mzML,Unknown,HILICpos,4
HILICpos/HEU_Batch4_Sample43_HILIC_pos_SZ_07072023_109.mzML,HEU_Batch4_Sample43_HILIC_pos_SZ_07072023_109.mzML,Unknown,HILICpos,4
HILICpos/HEU_Batch8_Pool_QC_Injection2uL_HILIC_pos_1_SZ_07242023_013.mzML,HEU_Batch8_Pool_QC_Injection2uL_HILIC_pos_1_SZ_07242023_013.mzML,QC,HILICpos,8
HILICpos/HEU_Batch6_Sample21_HILIC_pos_SZ_07172023_061.mzML,HEU_Batch6_Sample21_HILIC_pos_SZ_07172023_061.mzML,Unknown,HILICpos,6
HILICpos/HEU_Batch8_Sample33_HILIC_pos_SZ_07242023_087.mzML,HEU_Batch8_Sample33_HILIC_pos_SZ_07242023_087.mzML,Unknown,HILICpos,8
HILICpos/HEU_Batch1_Solvent_Blank_MobileA50B50_HILIC_pos_2_SZ_07272023_151.mzML,HEU_Batch1_Solvent_Blank_MobileA50B50_HILIC_pos_2_SZ_07272023_151.mzML,Solvent_Blank,HILICpos,1
HILICpos/HEU_Batch1_Sample39_HILIC_pos_SZ_07272023_099.mzML,HEU_Batch1_Sample39_HILIC_pos_SZ_07272023_099.mzML,Unknown,HILICpos,1
HILICpos/HEU_Batch8_Sample38_HILIC_pos_SZ_07242023_097.mzML,HEU_Batch8_Sample38_HILIC_pos_SZ_07242023_097.mzML,Unknown,HILICpos,8
HILICpos/HEU_Batch8_Qstd_HILIC_pos_1_SZ_07242023_009.mzML,HEU_Batch8_Qstd_HILIC_pos_1_SZ_07242023_009.mzML,Qstd,HILICpos,8
HILICpos/HEU_Batch3_Sample46_HILIC_pos_SZ_07032023_115.mzML,HEU_Batch3_Sample46_HILIC_pos_SZ_07032023_115.mzML,Unknown,HILICpos,3
HILICpos/HEU_Batch1_Pool_QC_Injection3uL_HILIC_pos_2_SZ_07272023_037.mzML,HEU_Batch1_Pool_QC_Injection3uL_HILIC_pos_2_SZ_07272023_037.mzML,QC,HILICpos,1
HILICpos/HEU_Batch7_Process_Blank_HILIC_pos_1_SZ_07202023_005.mzML,HEU_Batch7_Process_Blank_HILIC_pos_1_SZ_07202023_005.mzML,Process_Blank,HILICpos,7
HILICpos/HEU_Batch5_Sample36_HILIC_pos_SZ_07132023_093.mzML,HEU_Batch5_Sample36_HILIC_pos_SZ_07132023_093.mzML,Unknown,HILICpos,5
HILICpos/HEU_Batch8_Sample35_HILIC_pos_SZ_07242023_091.mzML,HEU_Batch8_Sample35_HILIC_pos_SZ_07242023_091.mzML,Unknown,HILICpos,8
HILICpos/HEU_Batch3_Sample56_HILIC_pos_SZ_07032023_137.mzML,HEU_Batch3_Sample56_HILIC_pos_SZ_07032023_137.mzML,Unknown,HILICpos,3
HILICpos/HEU_Batch4_Pool_QC_Injection3uL_HILIC_pos_6_SZ_07072023_125.mzML,HEU_Batch4_Pool_QC_Injection3uL_HILIC_pos_6_SZ_07072023_125.mzML,QC,HILICpos,4
HILICpos/HEU_Batch4_Sample10_HILIC_pos_SZ_07072023_035.mzML,HEU_Batch4_Sample10_HILIC_pos_SZ_07072023_035.mzML,Unknown,HILICpos,4
HILICpos/HEU_Batch6_Sample23_HILIC_pos_SZ_07172023_065.mzML,HEU_Batch6_Sample23_HILIC_pos_SZ_07172023_065.mzML,Unknown,HILICpos,6
HILICpos/HEU_Batch7_NIST_HILIC_pos_2_SZ_07202023_145.mzML,HEU_Batch7_NIST_HILIC_pos_2_SZ_07202023_145.mzML,NIST,HILICpos,7
HILICpos/HEU_Batch5_Pool_QC_Injection3uL_HILIC_pos_1_SZ_07132023_011.mzML,HEU_Batch5_Pool_QC_Injection3uL_HILIC_pos_1_SZ_07132023_011.mzML,QC,HILICpos,5
HILICpos/HEU_Batch6_Sample28_HILIC_pos_SZ_07172023_075.mzML,HEU_Batch6_Sample28_HILIC_pos_SZ_07172023_075.mzML,Unknown,HILICpos,6
HILICpos/HEU_Batch7_Sample18_HILIC_pos_SZ_07202023_053.mzML,HEU_Batch7_Sample18_HILIC_pos_SZ_07202023_053.mzML,Unknown,HILICpos,7
HILICpos/HEU_Batch1_Solvent_Blank_MobileA50B50_HILIC_pos_1_SZ_07272023_001.mzML,HEU_Batch1_Solvent_Blank_MobileA50B50_HILIC_pos_1_SZ_07272023_001.mzML,Solvent_Blank,HILICpos,1
HILICpos/HEU_Batch3_Sample30_HILIC_pos_SZ_07032023_079.mzML,HEU_Batch3_Sample30_HILIC_pos_SZ_07032023_079.mzML,Unknown,HILICpos,3
HILICpos/HEU_Batch7_Sample13_HILIC_pos_SZ_07202023_043.mzML,HEU_Batch7_Sample13_HILIC_pos_SZ_07202023_043.mzML,Unknown,HILICpos,7
HILICpos/HEU_Batch3_Sample44_HILIC_pos_SZ_07032023_111.mzML,HEU_Batch3_Sample44_HILIC_pos_SZ_07032023_111.mzML,Unknown,HILICpos,3
HILICpos/HEU_Batch8_Sample31_HILIC_pos_SZ_07242023_083.mzML,HEU_Batch8_Sample31_HILIC_pos_SZ_07242023_083.mzML,Unknown,HILICpos,8
HILICpos/Batch2_HEU153_B_HILIC_pos.mzML,Batch2_HEU153_B_HILIC_pos.mzML,Unknown,HILICpos,2
HILICpos/HEU_Batch1_Sample34_HILIC_pos_SZ_07272023_089.mzML,HEU_Batch1_Sample34_HILIC_pos_SZ_07272023_089.mzML,Unknown,HILICpos,1
HILICpos/HEU_Batch7_Sample17_HILIC_pos_SZ_07202023_051.mzML,HEU_Batch7_Sample17_HILIC_pos_SZ_07202023_051.mzML,Unknown,HILICpos,7
HILICpos/HEU_Batch3_Pool_QC_Injection2uL_HILIC_pos_1_SZ_07032023_013.mzML,HEU_Batch3_Pool_QC_Injection2uL_HILIC_pos_1_SZ_07032023_013.mzML,QC,HILICpos,3
HILICpos/HEU_Batch3_Blank_IS_HILIC_pos_1_SZ_07032023_003.mzML,HEU_Batch3_Blank_IS_HILIC_pos_1_SZ_07032023_003.mzML,Blank_IS,HILICpos,3
HILICpos/HEU_Batch1_Process_Blank_HILIC_pos_2_SZ_07272023_147.mzML,HEU_Batch1_Process_Blank_HILIC_pos_2_SZ_07272023_147.mzML,Process_Blank,HILICpos,1
HILICpos/HEU_Batch5_NIST_HILIC_pos_2_SZ_07132023_147.mzML,HEU_Batch5_NIST_HILIC_pos_2_SZ_07132023_147.mzML,NIST,HILICpos,5
HILICpos/HEU_Batch1_Sample51_HILIC_pos_SZ_07272023_127.mzML,HEU_Batch1_Sample51_HILIC_pos_SZ_07272023_127.mzML,Unknown,HILICpos,1
HILICpos/HEU_Batch1_Sample52_HILIC_pos_SZ_07272023_129.mzML,HEU_Batch1_Sample52_HILIC_pos_SZ_07272023_129.mzML,Unknown,HILICpos,1
HILICpos/HEU_Batch3_Solvent_Blank_MobileA50B50_HILIC_pos_1_SZ_07032023_001.mzML,HEU_Batch3_Solvent_Blank_MobileA50B50_HILIC_pos_1_SZ_07032023_001.mzML,Solvent_Blank,HILICpos,3
HILICpos/Batch2_HEU236_B_HILIC_pos.mzML,Batch2_HEU236_B_HILIC_pos.mzML,Unknown,HILICpos,2
HILICpos/Batch2_HEU044_M_HILIC_pos.mzML,Batch2_HEU044_M_HILIC_pos.mzML,Unknown,HILICpos,2
HILICpos/Batch2_HEU132_B_HILIC_pos.mzML,Batch2_HEU132_B_HILIC_pos.mzML,Unknown,HILICpos,2
HILICpos/HEU_Batch6_Qstd_HILIC_pos_2_SZ_07172023_145.mzML,HEU_Batch6_Qstd_HILIC_pos_2_SZ_07172023_145.mzML,Qstd,HILICpos,6
HILICpos/HEU_Batch8_Sample45_HILIC_pos_SZ_07242023_113.mzML,HEU_Batch8_Sample45_HILIC_pos_SZ_07242023_113.mzML,Unknown,HILICpos,8
HILICpos/HEU_Batch8_Sample53_HILIC_pos_SZ_07242023_131.mzML,HEU_Batch8_Sample53_HILIC_pos_SZ_07242023_131.mzML,Unknown,HILICpos,8
HILICpos/HEU_Batch5_Sample10_HILIC_pos_SZ_07132023_035.mzML,HEU_Batch5_Sample10_HILIC_pos_SZ_07132023_035.mzML,Unknown,HILICpos,5
HILICpos/HEU_Batch6_Pool_QC_Injection3uL_HILIC_pos_3_SZ_07172023_059.mzML,HEU_Batch6_Pool_QC_Injection3uL_HILIC_pos_3_SZ_07172023_059.mzML,QC,HILICpos,6
HILICpos/HEU_Batch6_Pool_QC_Injection1uL_HILIC_pos_1_SZ_07172023_015.mzML,HEU_Batch6_Pool_QC_Injection1uL_HILIC_pos_1_SZ_07172023_015.mzML,QC,HILICpos,6
HILICpos/HEU_Batch5_Sample57_HILIC_pos_SZ_07132023_139.mzML,HEU_Batch5_Sample57_HILIC_pos_SZ_07132023_139.mzML,Unknown,HILICpos,5
HILICpos/HEU_Batch6_Sample14_HILIC_pos_SZ_07172023_045.mzML,HEU_Batch6_Sample14_HILIC_pos_SZ_07172023_045.mzML,Unknown,HILICpos,6
HILICpos/HEU_Batch1_Sample49_HILIC_pos_SZ_07272023_121.mzML,HEU_Batch1_Sample49_HILIC_pos_SZ_07272023_121.mzML,Unknown,HILICpos,1
HILICpos/HEU_Batch1_Sample55_HILIC_pos_SZ_07272023_135.mzML,HEU_Batch1_Sample55_HILIC_pos_SZ_07272023_135.mzML,Unknown,HILICpos,1
HILICpos/HEU_Batch6_Sample3_HILIC_pos_SZ_07172023_021.mzML,HEU_Batch6_Sample3_HILIC_pos_SZ_07172023_021.mzML,Unknown,HILICpos,6
HILICpos/HEU_Batch6_Sample8_HILIC_pos_SZ_07172023_031.mzML,HEU_Batch6_Sample8_HILIC_pos_SZ_07172023_031.mzML,Unknown,HILICpos,6
HILICpos/HEU_Batch3_Pool_QC_Injection3uL_HILIC_pos_2_SZ_07032023_037.mzML,HEU_Batch3_Pool_QC_Injection3uL_HILIC_pos_2_SZ_07032023_037.mzML,QC,HILICpos,3
HILICpos/HEU_Batch4_Sample36_HILIC_pos_SZ_07072023_093.mzML,HEU_Batch4_Sample36_HILIC_pos_SZ_07072023_093.mzML,Unknown,HILICpos,4
HILICpos/HEU_Batch4_Sample8_HILIC_pos_SZ_07072023_031.mzML,HEU_Batch4_Sample8_HILIC_pos_SZ_07072023_031.mzML,Unknown,HILICpos,4
HILICpos/HEU_Batch4_Sample3_HILIC_pos_SZ_07072023_021.mzML,HEU_Batch4_Sample3_HILIC_pos_SZ_07072023_021.mzML,Unknown,HILICpos,4
HILICpos/HEU_Batch1_Sample20_HILIC_pos_SZ_07272023_057.mzML,HEU_Batch1_Sample20_HILIC_pos_SZ_07272023_057.mzML,Unknown,HILICpos,1
HILICpos/HEU_Batch8_Pool_QC_Injection3uL_HILIC_pos_2_SZ_07242023_037.mzML,HEU_Batch8_Pool_QC_Injection3uL_HILIC_pos_2_SZ_07242023_037.mzML,QC,HILICpos,8
HILICpos/HEU_Batch8_Sample47_HILIC_pos_SZ_07242023_117.mzML,HEU_Batch8_Sample47_HILIC_pos_SZ_07242023_117.mzML,Unknown,HILICpos,8
HILICpos/HEU_Batch7_Sample26_HILIC_pos_SZ_07202023_071.mzML,HEU_Batch7_Sample26_HILIC_pos_SZ_07202023_071.mzML,Unknown,HILICpos,7
HILICpos/HEU_Batch3_Sample3_HILIC_pos_SZ_07032023_021.mzML,HEU_Batch3_Sample3_HILIC_pos_SZ_07032023_021.mzML,Unknown,HILICpos,3
HILICpos/HEU_Batch3_Sample8_HILIC_pos_SZ_07032023_031.mzML,HEU_Batch3_Sample8_HILIC_pos_SZ_07032023_031.mzML,Unknown,HILICpos,3
HILICpos/HEU_Batch3_Sample32_HILIC_pos_SZ_07032023_085.mzML,HEU_Batch3_Sample32_HILIC_pos_SZ_07032023_085.mzML,Unknown,HILICpos,3
HILICpos/Batch2_HEU139_M_HILIC_pos.mzML,Batch2_HEU139_M_HILIC_pos.mzML,Unknown,HILICpos,2
HILICpos/HEU_Batch5_Sample48_HILIC_pos_SZ_07132023_119.mzML,HEU_Batch5_Sample48_HILIC_pos_SZ_07132023_119.mzML,Unknown,HILICpos,5
HILICpos/HEU_Batch5_Sample43_HILIC_pos_SZ_07132023_109.mzML,HEU_Batch5_Sample43_HILIC_pos_SZ_07132023_109.mzML,Unknown,HILICpos,5
HILICpos/HEU_Batch1_Sample41_HILIC_pos_SZ_07272023_105.mzML,HEU_Batch1_Sample41_HILIC_pos_SZ_07272023_105.mzML,Unknown,HILICpos,1
HILICpos/HEU_Batch7_Pool_QC_Injection3uL_HILIC_pos_6_SZ_07202023_125.mzML,HEU_Batch7_Pool_QC_Injection3uL_HILIC_pos_6_SZ_07202023_125.mzML,QC,HILICpos,7
HILICpos/HEU_Batch7_Sample22_HILIC_pos_SZ_07202023_063.mzML,HEU_Batch7_Sample22_HILIC_pos_SZ_07202023_063.mzML,Unknown,HILICpos,7
HILICpos/HEU_Batch1_Pool_QC_Injection2uL_HILIC_pos_1_SZ_07272023_013.mzML,HEU_Batch1_Pool_QC_Injection2uL_HILIC_pos_1_SZ_07272023_013.mzML,QC,HILICpos,1
HILICpos/HEU_Batch6_Sample19_HILIC_pos_SZ_07172023_055.mzML,HEU_Batch6_Sample19_HILIC_pos_SZ_07172023_055.mzML,Unknown,HILICpos,6
HILICpos/HEU_Batch7_Sample25_HILIC_pos_SZ_07202023_069.mzML,HEU_Batch7_Sample25_HILIC_pos_SZ_07202023_069.mzML,Unknown,HILICpos,7
HILICpos/HEU_Batch6_Sample17_HILIC_pos_SZ_07172023_051.mzML,HEU_Batch6_Sample17_HILIC_pos_SZ_07172023_051.mzML,Unknown,HILICpos,6
HILICpos/Batch2_Pool_QC_HILIC_pos_1.mzML,Batch2_Pool_QC_HILIC_pos_1.mzML,QC,HILICpos,2
HILICpos/HEU_Batch4_Sample31_HILIC_pos_SZ_07072023_083.mzML,HEU_Batch4_Sample31_HILIC_pos_SZ_07072023_083.mzML,Unknown,HILICpos,4
HILICpos/HEU_Batch5_Sample45_HILIC_pos_SZ_07132023_113.mzML,HEU_Batch5_Sample45_HILIC_pos_SZ_07132023_113.mzML,Unknown,HILICpos,5
HILICpos/HEU_Batch3_Sample34_HILIC_pos_SZ_07032023_089.mzML,HEU_Batch3_Sample34_HILIC_pos_SZ_07032023_089.mzML,Unknown,HILICpos,3
HILICpos/HEU_Batch1_Sample44_HILIC_pos_SZ_07272023_111.mzML,HEU_Batch1_Sample44_HILIC_pos_SZ_07272023_111.mzML,Unknown,HILICpos,1
HILICpos/HEU_Batch4_Sample7_HILIC_pos_SZ_07072023_029.mzML,HEU_Batch4_Sample7_HILIC_pos_SZ_07072023_029.mzML,Unknown,HILICpos,4
HILICpos/HEU_Batch4_Sample35_HILIC_pos_SZ_07072023_091.mzML,HEU_Batch4_Sample35_HILIC_pos_SZ_07072023_091.mzML,Unknown,HILICpos,4
HILICpos/HEU_Batch6_Sample18_HILIC_pos_SZ_07172023_053.mzML,HEU_Batch6_Sample18_HILIC_pos_SZ_07172023_053.mzML,Unknown,HILICpos,6
HILICpos/HEU_Batch6_Sample13_HILIC_pos_SZ_07172023_043.mzML,HEU_Batch6_Sample13_HILIC_pos_SZ_07172023_043.mzML,Unknown,HILICpos,6
HILICpos/HEU_Batch7_Sample23_HILIC_pos_SZ_07202023_065.mzML,HEU_Batch7_Sample23_HILIC_pos_SZ_07202023_065.mzML,Unknown,HILICpos,7
HILICpos/HEU_Batch1_Sample30_HILIC_pos_SZ_07272023_079.mzML,HEU_Batch1_Sample30_HILIC_pos_SZ_07272023_079.mzML,Unknown,HILICpos,1
HILICpos/HEU_Batch7_Sample28_HILIC_pos_SZ_07202023_075.mzML,HEU_Batch7_Sample28_HILIC_pos_SZ_07202023_075.mzML,Unknown,HILICpos,7
HILICpos/Batch2_HEU190_M_HILIC_pos.mzML,Batch2_HEU190_M_HILIC_pos.mzML,Unknown,HILICpos,2
HILICpos/HEU_Batch6_Sample7_HILIC_pos_SZ_07172023_029.mzML,HEU_Batch6_Sample7_HILIC_pos_SZ_07172023_029.mzML,Unknown,HILICpos,6
HILICpos/HEU_Batch5_Sample53_HILIC_pos_SZ_07132023_131.mzML,HEU_Batch5_Sample53_HILIC_pos_SZ_07132023_131.mzML,Unknown,HILICpos,5
HILICpos/HEU_Batch8_Sample10_HILIC_pos_SZ_07242023_035.mzML,HEU_Batch8_Sample10_HILIC_pos_SZ_07242023_035.mzML,Unknown,HILICpos,8
HILICpos/HEU_Batch1_Sample56_HILIC_pos_SZ_07272023_137.mzML,HEU_Batch1_Sample56_HILIC_pos_SZ_07272023_137.mzML,Unknown,HILICpos,1
HILICpos/Batch2_HEU126_B_HILIC_pos.mzML,Batch2_HEU126_B_HILIC_pos.mzML,Unknown,HILICpos,2
HILICpos/HEU_Batch3_Sample7_HILIC_pos_SZ_07032023_029.mzML,HEU_Batch3_Sample7_HILIC_pos_SZ_07032023_029.mzML,Unknown,HILICpos,3
HILICpos/HEU_Batch1_Pool_QC_Injection3uL_HILIC_pos_4_SZ_07272023_081.mzML,HEU_Batch1_Pool_QC_Injection3uL_HILIC_pos_4_SZ_07272023_081.mzML,QC,HILICpos,1
HILICpos/HEU_Batch5_Sample47_HILIC_pos_SZ_07132023_117.mzML,HEU_Batch5_Sample47_HILIC_pos_SZ_07132023_117.mzML,Unknown,HILICpos,5
HILICpos/HEU_Batch4_Sample33_HILIC_pos_SZ_07072023_087.mzML,HEU_Batch4_Sample33_HILIC_pos_SZ_07072023_087.mzML,Unknown,HILICpos,4
HILICpos/HEU_Batch4_Sample38_HILIC_pos_SZ_07072023_097.mzML,HEU_Batch4_Sample38_HILIC_pos_SZ_07072023_097.mzML,Unknown,HILICpos,4
HILICpos/HEU_Batch3_Sample39_HILIC_pos_SZ_07032023_099.mzML,HEU_Batch3_Sample39_HILIC_pos_SZ_07032023_099.mzML,Unknown,HILICpos,3
HILICpos/HEU_Batch1_Sample46_HILIC_pos_SZ_07272023_115.mzML,HEU_Batch1_Sample46_HILIC_pos_SZ_07272023_115.mzML,Unknown,HILICpos,1
HILICpos/HEU_Batch7_Sample21_HILIC_pos_SZ_07202023_061.mzML,HEU_Batch7_Sample21_HILIC_pos_SZ_07202023_061.mzML,Unknown,HILICpos,7
HILICpos/HEU_Batch8_Qstd_HILIC_pos_2_SZ_07242023_139.mzML,HEU_Batch8_Qstd_HILIC_pos_2_SZ_07242023_139.mzML,Qstd,HILICpos,8
HILICpos/HEU_Batch5_Blank_IS_HILIC_pos_2_SZ_07132023_151.mzML,HEU_Batch5_Blank_IS_HILIC_pos_2_SZ_07132023_151.mzML,Blank_IS,HILICpos,5
HILICpos/HEU_Batch4_Sample37_HILIC_pos_SZ_07072023_095.mzML,HEU_Batch4_Sample37_HILIC_pos_SZ_07072023_095.mzML,Unknown,HILICpos,4
HILICpos/HEU_Batch1_Sample54_HILIC_pos_SZ_07272023_133.mzML,HEU_Batch1_Sample54_HILIC_pos_SZ_07272023_133.mzML,Unknown,HILICpos,1
HILICpos/HEU_Batch8_Sample48_HILIC_pos_SZ_07242023_119.mzML,HEU_Batch8_Sample48_HILIC_pos_SZ_07242023_119.mzML,Unknown,HILICpos,8
HILICpos/Batch2_HEU044_B_HILIC_pos.mzML,Batch2_HEU044_B_HILIC_pos.mzML,Unknown,HILICpos,2
HILICpos/HEU_Batch8_Sample43_HILIC_pos_SZ_07242023_109.mzML,HEU_Batch8_Sample43_HILIC_pos_SZ_07242023_109.mzML,Unknown,HILICpos,8
HILICpos/HEU_Batch1_Sample42_HILIC_pos_SZ_07272023_107.mzML,HEU_Batch1_Sample42_HILIC_pos_SZ_07272023_107.mzML,Unknown,HILICpos,1
HILICpos/HEU_Batch6_Pool_QC_Injection3uL_HILIC_pos_1_SZ_07172023_011.mzML,HEU_Batch6_Pool_QC_Injection3uL_HILIC_pos_1_SZ_07172023_011.mzML,QC,HILICpos,6
HILICpos/HEU_Batch1_Qstd_HILIC_pos_1_SZ_07272023_009.mzML,HEU_Batch1_Qstd_HILIC_pos_1_SZ_07272023_009.mzML,Qstd,HILICpos,1
HILICpos/HEU_Batch4_Sample11_HILIC_pos_SZ_07072023_039.mzML,HEU_Batch4_Sample11_HILIC_pos_SZ_07072023_039.mzML,Unknown,HILICpos,4
HILICpos/HEU_Batch3_Sample26_HILIC_pos_SZ_07032023_071.mzML,HEU_Batch3_Sample26_HILIC_pos_SZ_07032023_071.mzML,Unknown,HILICpos,3
HILICpos/HEU_Batch1_Sample5_HILIC_pos_SZ_07272023_025.mzML,HEU_Batch1_Sample5_HILIC_pos_SZ_07272023_025.mzML,Unknown,HILICpos,1
HILICpos/HEU_Batch4_Sample40_HILIC_pos_SZ_07072023_101.mzML,HEU_Batch4_Sample40_HILIC_pos_SZ_07072023_101.mzML,Unknown,HILICpos,4
HILICpos/HEU_Batch7_Sample32_HILIC_pos_SZ_07202023_085.mzML,HEU_Batch7_Sample32_HILIC_pos_SZ_07202023_085.mzML,Unknown,HILICpos,7
HILICpos/HEU_Batch6_Sample20_HILIC_pos_SZ_07172023_057.mzML,HEU_Batch6_Sample20_HILIC_pos_SZ_07172023_057.mzML,Unknown,HILICpos,6
HILICpos/HEU_Batch3_Sample22_HILIC_pos_SZ_07032023_063.mzML,HEU_Batch3_Sample22_HILIC_pos_SZ_07032023_063.mzML,Unknown,HILICpos,3
HILICpos/Batch2_HEU159_B_HILIC_pos.mzML,Batch2_HEU159_B_HILIC_pos.mzML,Unknown,HILICpos,2
HILICpos/HEU_Batch5_Pool_QC_Injection3uL_HILIC_pos_5_SZ_07132023_103.mzML,HEU_Batch5_Pool_QC_Injection3uL_HILIC_pos_5_SZ_07132023_103.mzML,QC,HILICpos,5
HILICpos/HEU_Batch1_Sample19_HILIC_pos_SZ_07272023_055.mzML,HEU_Batch1_Sample19_HILIC_pos_SZ_07272023_055.mzML,Unknown,HILICpos,1
HILICpos/HEU_Batch3_Sample25_HILIC_pos_SZ_07032023_069.mzML,HEU_Batch3_Sample25_HILIC_pos_SZ_07032023_069.mzML,Unknown,HILICpos,3
HILICpos/Batch2_HEU086_B_HILIC_pos.mzML,Batch2_HEU086_B_HILIC_pos.mzML,Unknown,HILICpos,2
HILICpos/Batch2_HEU128_M_HILIC_pos.mzML,Batch2_HEU128_M_HILIC_pos.mzML,Unknown,HILICpos,2
HILICpos/HEU_Batch4_Sample24_HILIC_pos_SZ_07072023_067.mzML,HEU_Batch4_Sample24_HILIC_pos_SZ_07072023_067.mzML,Unknown,HILICpos,4
HILICpos/HEU_Batch6_Sample41_HILIC_pos_SZ_07172023_105.mzML,HEU_Batch6_Sample41_HILIC_pos_SZ_07172023_105.mzML,Unknown,HILICpos,6
HILICpos/HEU_Batch4_Pool_QC_Injection3uL_HILIC_pos_2_SZ_07072023_037.mzML,HEU_Batch4_Pool_QC_Injection3uL_HILIC_pos_2_SZ_07072023_037.mzML,QC,HILICpos,4
HILICpos/HEU_Batch7_Qstd_HILIC_pos_2_SZ_07202023_143.mzML,HEU_Batch7_Qstd_HILIC_pos_2_SZ_07202023_143.mzML,Qstd,HILICpos,7
HILICpos/HEU_Batch4_Process_Blank_HILIC_pos_1_SZ_07072023_005.mzML,HEU_Batch4_Process_Blank_HILIC_pos_1_SZ_07072023_005.mzML,Process_Blank,HILICpos,4
HILICpos/HEU_Batch6_Sample52_HILIC_pos_SZ_07172023_129.mzML,HEU_Batch6_Sample52_HILIC_pos_SZ_07172023_129.mzML,Unknown,HILICpos,6
HILICpos/HEU_Batch1_Pool_QC_Injection3uL_HILIC_pos_6_SZ_07272023_125.mzML,HEU_Batch1_Pool_QC_Injection3uL_HILIC_pos_6_SZ_07272023_125.mzML,QC,HILICpos,1
HILICpos/HEU_Batch6_Sample51_HILIC_pos_SZ_07172023_127.mzML,HEU_Batch6_Sample51_HILIC_pos_SZ_07172023_127.mzML,Unknown,HILICpos,6
HILICpos/HEU_Batch7_Pool_QC_Injection2uL_HILIC_pos_1_SZ_07202023_013.mzML,HEU_Batch7_Pool_QC_Injection2uL_HILIC_pos_1_SZ_07202023_013.mzML,QC,HILICpos,7
HILICpos/HEU_Batch8_Sample7_HILIC_pos_SZ_07242023_029.mzML,HEU_Batch8_Sample7_HILIC_pos_SZ_07242023_029.mzML,Unknown,HILICpos,8
HILICpos/HEU_Batch4_Sample29_HILIC_pos_SZ_07072023_077.mzML,HEU_Batch4_Sample29_HILIC_pos_SZ_07072023_077.mzML,Unknown,HILICpos,4
HILICpos/HEU_Batch5_Sample15_HILIC_pos_SZ_07132023_047.mzML,HEU_Batch5_Sample15_HILIC_pos_SZ_07132023_047.mzML,Unknown,HILICpos,5
HILICpos/HEU_Batch3_NIST_HILIC_pos_2_SZ_07032023_143.mzML,HEU_Batch3_NIST_HILIC_pos_2_SZ_07032023_143.mzML,NIST,HILICpos,3
HILICpos/HEU_Batch4_Sample50_HILIC_pos_SZ_07072023_123.mzML,HEU_Batch4_Sample50_HILIC_pos_SZ_07072023_123.mzML,Unknown,HILICpos,4
HILICpos/HEU_Batch8_Sample12_HILIC_pos_SZ_07242023_041.mzML,HEU_Batch8_Sample12_HILIC_pos_SZ_07242023_041.mzML,Unknown,HILICpos,8
HILICpos/HEU_Batch6_Sample55_HILIC_pos_SZ_07172023_135.mzML,HEU_Batch6_Sample55_HILIC_pos_SZ_07172023_135.mzML,Unknown,HILICpos,6
HILICpos/HEU_Batch5_Sample16_HILIC_pos_SZ_07132023_049.mzML,HEU_Batch5_Sample16_HILIC_pos_SZ_07132023_049.mzML,Unknown,HILICpos,5
HILICpos/HEU_Batch1_Sample14_HILIC_pos_SZ_07272023_045.mzML,HEU_Batch1_Sample14_HILIC_pos_SZ_07272023_045.mzML,Unknown,HILICpos,1
HILICpos/HEU_Batch6_Sample49_HILIC_pos_SZ_07172023_121.mzML,HEU_Batch6_Sample49_HILIC_pos_SZ_07172023_121.mzML,Unknown,HILICpos,6
HILICpos/HEU_Batch1_Sample9_HILIC_pos_SZ_07272023_033.mzML,HEU_Batch1_Sample9_HILIC_pos_SZ_07272023_033.mzML,Unknown,HILICpos,1
HILICpos/HEU_Batch7_Sample39_HILIC_pos_SZ_07202023_099.mzML,HEU_Batch7_Sample39_HILIC_pos_SZ_07202023_099.mzML,Unknown,HILICpos,7
HILICpos/HEU_Batch6_Sample46_HILIC_pos_SZ_07172023_115.mzML,HEU_Batch6_Sample46_HILIC_pos_SZ_07172023_115.mzML,Unknown,HILICpos,6
HILICpos/HEU_Batch8_Solvent_Blank_MobileA50B50_HILIC_pos_1_SZ_07242023_001.mzML,HEU_Batch8_Solvent_Blank_MobileA50B50_HILIC_pos_1_SZ_07242023_001.mzML,Solvent_Blank,HILICpos,8
HILICpos/HEU_Batch4_Sample27_HILIC_pos_SZ_07072023_073.mzML,HEU_Batch4_Sample27_HILIC_pos_SZ_07072023_073.mzML,Unknown,HILICpos,4
HILICpos/HEU_Batch1_Sample6_HILIC_pos_SZ_07272023_027.mzML,HEU_Batch1_Sample6_HILIC_pos_SZ_07272023_027.mzML,Unknown,HILICpos,1
HILICpos/FDA_HIV_drug_AuthenticStandards_MS1_2_HILICpos_08282025_04.mzML,FDA_HIV_drug_AuthenticStandards_MS1_2_HILICpos_08282025_04.mzML,Unknown,HILICpos,2
HILICpos/HEU_Batch6_Sample42_HILIC_pos_SZ_07172023_107.mzML,HEU_Batch6_Sample42_HILIC_pos_SZ_07172023_107.mzML,Unknown,HILICpos,6
HILICpos/HEU_Batch6_Sample54_HILIC_pos_SZ_07172023_133.mzML,HEU_Batch6_Sample54_HILIC_pos_SZ_07172023_133.mzML,Unknown,HILICpos,6
HILICpos/Batch2_HEU099_M_HILIC_pos.mzML,Batch2_HEU099_M_HILIC_pos.mzML,Unknown,HILICpos,2
HILICpos/HEU_Batch3_Sample21_HILIC_pos_SZ_07032023_061.mzML,HEU_Batch3_Sample21_HILIC_pos_SZ_07032023_061.mzML,Unknown,HILICpos,3
HILICpos/HEU_Batch1_Qstd_HILIC_pos_2_SZ_07272023_143.mzML,HEU_Batch1_Qstd_HILIC_pos_2_SZ_07272023_143.mzML,Qstd,HILICpos,1
HILICpos/HEU_Batch3_Qstd_HILIC_pos_1_SZ_07032023_009.mzML,HEU_Batch3_Qstd_HILIC_pos_1_SZ_07032023_009.mzML,Qstd,HILICpos,3
HILICpos/Batch2_HEU011_B_HILIC_pos.mzML,Batch2_HEU011_B_HILIC_pos.mzML,Unknown,HILICpos,2
HILICpos/HEU_Batch6_Sample44_HILIC_pos_SZ_07172023_111.mzML,HEU_Batch6_Sample44_HILIC_pos_SZ_07172023_111.mzML,Unknown,HILICpos,6
HILICpos/HEU_Batch8_Solvent_Blank_MobileA50B50_HILIC_pos_2_SZ_07242023_147.mzML,HEU_Batch8_Solvent_Blank_MobileA50B50_HILIC_pos_2_SZ_07242023_147.mzML,Solvent_Blank,HILICpos,8
HILICpos/HEU_Batch1_Sample1_HILIC_pos_SZ_07272023_017.mzML,HEU_Batch1_Sample1_HILIC_pos_SZ_07272023_017.mzML,Unknown,HILICpos,1
HILICpos/HEU_Batch4_Qstd_HILIC_pos_2_SZ_07072023_141.mzML,HEU_Batch4_Qstd_HILIC_pos_2_SZ_07072023_141.mzML,Qstd,HILICpos,4
HILICpos/HEU_Batch1_Sample2_HILIC_pos_SZ_07272023_019.mzML,HEU_Batch1_Sample2_HILIC_pos_SZ_07272023_019.mzML,Unknown,HILICpos,1
HILICpos/Batch2_Blank_IS_HILIC_pos_1.mzML,Batch2_Blank_IS_HILIC_pos_1.mzML,Blank_IS,HILICpos,2
HILICpos/HEU_Batch1_Sample4_HILIC_pos_SZ_07272023_023.mzML,HEU_Batch1_Sample4_HILIC_pos_SZ_07272023_023.mzML,Unknown,HILICpos,1
HILICpos/HEU_Batch1_Sample17_HILIC_pos_SZ_07272023_051.mzML,HEU_Batch1_Sample17_HILIC_pos_SZ_07272023_051.mzML,Unknown,HILICpos,1
HILICpos/HEU_Batch7_Sample34_HILIC_pos_SZ_07202023_089.mzML,HEU_Batch7_Sample34_HILIC_pos_SZ_07202023_089.mzML,Unknown,HILICpos,7
HILICpos/HEU_Batch6_Sample56_HILIC_pos_SZ_07172023_137.mzML,HEU_Batch6_Sample56_HILIC_pos_SZ_07172023_137.mzML,Unknown,HILICpos,6
HILICpos/HEU_Batch4_NIST_HILIC_pos_1_SZ_07072023_007.mzML,HEU_Batch4_NIST_HILIC_pos_1_SZ_07072023_007.mzML,NIST,HILICpos,4
HILICpos/HEU_Batch5_Sample12_HILIC_pos_SZ_07132023_041.mzML,HEU_Batch5_Sample12_HILIC_pos_SZ_07132023_041.mzML,Unknown,HILICpos,5
HILICpos/HEU_Batch7_Pool_QC_Injection3uL_HILIC_pos_4_SZ_07202023_081.mzML,HEU_Batch7_Pool_QC_Injection3uL_HILIC_pos_4_SZ_07202023_081.mzML,QC,HILICpos,7
HILICpos/HEU_Batch8_Sample16_HILIC_pos_SZ_07242023_049.mzML,HEU_Batch8_Sample16_HILIC_pos_SZ_07242023_049.mzML,Unknown,HILICpos,8
HILICpos/HEU_Batch8_Sample15_HILIC_pos_SZ_07242023_047.mzML,HEU_Batch8_Sample15_HILIC_pos_SZ_07242023_047.mzML,Unknown,HILICpos,8
HILICpos/Batch2_HEU102_M_HILIC_pos.mzML,Batch2_HEU102_M_HILIC_pos.mzML,Unknown,HILICpos,2
HILICpos/HEU_Batch6_Sample30_HILIC_pos_SZ_07172023_079.mzML,HEU_Batch6_Sample30_HILIC_pos_SZ_07172023_079.mzML,Unknown,HILICpos,6
HILICpos/HEU_Batch1_Sample13_HILIC_pos_SZ_07272023_043.mzML,HEU_Batch1_Sample13_HILIC_pos_SZ_07272023_043.mzML,Unknown,HILICpos,1
HILICpos/HEU_Batch8_Sample8_HILIC_pos_SZ_07242023_031.mzML,HEU_Batch8_Sample8_HILIC_pos_SZ_07242023_031.mzML,Unknown,HILICpos,8
HILICpos/HEU_Batch3_Sample23_HILIC_pos_SZ_07032023_065.mzML,HEU_Batch3_Sample23_HILIC_pos_SZ_07032023_065.mzML,Unknown,HILICpos,3
HILICpos/Batch2_HEU195_B_HILIC_pos.mzML,Batch2_HEU195_B_HILIC_pos.mzML,Unknown,HILICpos,2
HILICpos/Batch2_HEU173_B_HILIC_pos.mzML,Batch2_HEU173_B_HILIC_pos.mzML,Unknown,HILICpos,2
HILICpos/HEU_Batch8_Sample3_HILIC_pos_SZ_07242023_021.mzML,HEU_Batch8_Sample3_HILIC_pos_SZ_07242023_021.mzML,Unknown,HILICpos,8
HILICpos/HEU_Batch3_Sample28_HILIC_pos_SZ_07032023_075.mzML,HEU_Batch3_Sample28_HILIC_pos_SZ_07032023_075.mzML,Unknown,HILICpos,3
HILICpos/HEU_Batch1_Sample18_HILIC_pos_SZ_07272023_053.mzML,HEU_Batch1_Sample18_HILIC_pos_SZ_07272023_053.mzML,Unknown,HILICpos,1
HILICpos/HEU_Batch7_Qstd_HILIC_pos_1_SZ_07202023_009.mzML,HEU_Batch7_Qstd_HILIC_pos_1_SZ_07202023_009.mzML,Qstd,HILICpos,7
HILICpos/HEU_Batch7_Sample49_HILIC_pos_SZ_07202023_121.mzML,HEU_Batch7_Sample49_HILIC_pos_SZ_07202023_121.mzML,Unknown,HILICpos,7
HILICpos/HEU_Batch8_Sample29_HILIC_pos_SZ_07242023_077.mzML,HEU_Batch8_Sample29_HILIC_pos_SZ_07242023_077.mzML,Unknown,HILICpos,8
HILICpos/HEU_Batch8_Sample50_HILIC_pos_SZ_07242023_123.mzML,HEU_Batch8_Sample50_HILIC_pos_SZ_07242023_123.mzML,Unknown,HILICpos,8
HILICpos/HEU_Batch6_Pool_QC_Injection3uL_HILIC_pos_5_SZ_07172023_103.mzML,HEU_Batch6_Pool_QC_Injection3uL_HILIC_pos_5_SZ_07172023_103.mzML,QC,HILICpos,6
HILICpos/HEU_Batch3_Sample14_HILIC_pos_SZ_07032023_045.mzML,HEU_Batch3_Sample14_HILIC_pos_SZ_07032023_045.mzML,Unknown,HILICpos,3
HILICpos/HEU_Batch7_Sample55_HILIC_pos_SZ_07202023_135.mzML,HEU_Batch7_Sample55_HILIC_pos_SZ_07202023_135.mzML,Unknown,HILICpos,7
HILICpos/Batch2_Blank_HILIC_pos_1.mzML,Batch2_Blank_HILIC_pos_1.mzML,Blank,HILICpos,2
HILICpos/HEU_Batch4_Sample12_HILIC_pos_SZ_07072023_041.mzML,HEU_Batch4_Sample12_HILIC_pos_SZ_07072023_041.mzML,Unknown,HILICpos,4
HILICpos/Batch2_HEU185_M_HILIC_pos.mzML,Batch2_HEU185_M_HILIC_pos.mzML,Unknown,HILICpos,2
HILICpos/HEU_Batch7_Sample6_HILIC_pos_SZ_07202023_027.mzML,HEU_Batch7_Sample6_HILIC_pos_SZ_07202023_027.mzML,Unknown,HILICpos,7
HILICpos/HEU_Batch7_Sample51_HILIC_pos_SZ_07202023_127.mzML,HEU_Batch7_Sample51_HILIC_pos_SZ_07202023_127.mzML,Unknown,HILICpos,7
HILICpos/HEU_Batch5_Sample5_HILIC_pos_SZ_07132023_025.mzML,HEU_Batch5_Sample5_HILIC_pos_SZ_07132023_025.mzML,Unknown,HILICpos,5
HILICpos/HEU_Batch7_Sample9_HILIC_pos_SZ_07202023_033.mzML,HEU_Batch7_Sample9_HILIC_pos_SZ_07202023_033.mzML,Unknown,HILICpos,7
HILICpos/HEU_Batch7_Sample52_HILIC_pos_SZ_07202023_129.mzML,HEU_Batch7_Sample52_HILIC_pos_SZ_07202023_129.mzML,Unknown,HILICpos,7
HILICpos/HEU_Batch3_Pool_QC_Injection3uL_HILIC_pos_7_SZ_07032023_139.mzML,HEU_Batch3_Pool_QC_Injection3uL_HILIC_pos_7_SZ_07032023_139.mzML,QC,HILICpos,3
HILICpos/HEU_Batch4_Pool_QC_Injection3uL_HILIC_pos_4_SZ_07072023_081.mzML,HEU_Batch4_Pool_QC_Injection3uL_HILIC_pos_4_SZ_07072023_081.mzML,QC,HILICpos,4
HILICpos/HEU_Batch7_Sample41_HILIC_pos_SZ_07202023_105.mzML,HEU_Batch7_Sample41_HILIC_pos_SZ_07202023_105.mzML,Unknown,HILICpos,7
HILICpos/HEU_Batch3_Sample19_HILIC_pos_SZ_07032023_055.mzML,HEU_Batch3_Sample19_HILIC_pos_SZ_07032023_055.mzML,Unknown,HILICpos,3
HILICpos/HEU_Batch6_Blank_IS_HILIC_pos_2_SZ_07172023_151.mzML,HEU_Batch6_Blank_IS_HILIC_pos_2_SZ_07172023_151.mzML,Blank_IS,HILICpos,6
HILICpos/HEU_Batch6_Solvent_Blank_MobileA50B50_HILIC_pos_2_SZ_07172023_153.mzML,HEU_Batch6_Solvent_Blank_MobileA50B50_HILIC_pos_2_SZ_07172023_153.mzML,Solvent_Blank,HILICpos,6
HILICpos/HEU_Batch1_Sample22_HILIC_pos_SZ_07272023_063.mzML,HEU_Batch1_Sample22_HILIC_pos_SZ_07272023_063.mzML,Unknown,HILICpos,1
HILICpos/HEU_Batch1_Sample25_HILIC_pos_SZ_07272023_069.mzML,HEU_Batch1_Sample25_HILIC_pos_SZ_07272023_069.mzML,Unknown,HILICpos,1
HILICpos/HEU_Batch6_Qstd_HILIC_pos_1_SZ_07172023_009.mzML,HEU_Batch6_Qstd_HILIC_pos_1_SZ_07172023_009.mzML,Qstd,HILICpos,6
HILICpos/HEU_Batch8_Sample24_HILIC_pos_SZ_07242023_067.mzML,HEU_Batch8_Sample24_HILIC_pos_SZ_07242023_067.mzML,Unknown,HILICpos,8
HILICpos/Batch2_HEU142_M_HILIC_pos.mzML,Batch2_HEU142_M_HILIC_pos.mzML,Unknown,HILICpos,2
HILICpos/HEU_Batch8_Sample40_HILIC_pos_SZ_07242023_101.mzML,HEU_Batch8_Sample40_HILIC_pos_SZ_07242023_101.mzML,Unknown,HILICpos,8
HILICpos/HEU_Batch5_Sample27_HILIC_pos_SZ_07132023_073.mzML,HEU_Batch5_Sample27_HILIC_pos_SZ_07132023_073.mzML,Unknown,HILICpos,5
HILICpos/Batch2_HEU034_B_HILIC_pos.mzML,Batch2_HEU034_B_HILIC_pos.mzML,Unknown,HILICpos,2
HILICpos/HEU_Batch7_Sample20_HILIC_pos_SZ_07202023_057.mzML,HEU_Batch7_Sample20_HILIC_pos_SZ_07202023_057.mzML,Unknown,HILICpos,7
HILICpos/HEU_Batch7_Sample2_HILIC_pos_SZ_07202023_019.mzML,HEU_Batch7_Sample2_HILIC_pos_SZ_07202023_019.mzML,Unknown,HILICpos,7
HILICpos/HEU_Batch8_Sample11_HILIC_pos_SZ_07242023_039.mzML,HEU_Batch8_Sample11_HILIC_pos_SZ_07242023_039.mzML,Unknown,HILICpos,8
HILICpos/HEU_Batch7_Sample4_HILIC_pos_SZ_07202023_023.mzML,HEU_Batch7_Sample4_HILIC_pos_SZ_07202023_023.mzML,Unknown,HILICpos,7
HILICpos/HEU_Batch1_Sample26_HILIC_pos_SZ_07272023_071.mzML,HEU_Batch1_Sample26_HILIC_pos_SZ_07272023_071.mzML,Unknown,HILICpos,1
HILICpos/HEU_Batch4_Solvent_Blank_MobileA50B50_HILIC_pos_1_SZ_07072023_001.mzML,HEU_Batch4_Solvent_Blank_MobileA50B50_HILIC_pos_1_SZ_07072023_001.mzML,Solvent_Blank,HILICpos,4
HILICpos/HEU_Batch6_Sample32_HILIC_pos_SZ_07172023_085.mzML,HEU_Batch6_Sample32_HILIC_pos_SZ_07172023_085.mzML,Unknown,HILICpos,6
HILICpos/HEU_Batch7_Sample1_HILIC_pos_SZ_07202023_017.mzML,HEU_Batch7_Sample1_HILIC_pos_SZ_07202023_017.mzML,Unknown,HILICpos,7
HILICpos/Batch2_HEU209_M_HILIC_pos.mzML,Batch2_HEU209_M_HILIC_pos.mzML,Unknown,HILICpos,2
HILICpos/Batch2_HEU034_M_HILIC_pos.mzML,Batch2_HEU034_M_HILIC_pos.mzML,Unknown,HILICpos,2
HILICpos/Batch2_NIST_HILIC_pos_1.mzML,Batch2_NIST_HILIC_pos_1.mzML,NIST,HILICpos,2
HILICpos/HEU_Batch4_Sample16_HILIC_pos_SZ_07072023_049.mzML,HEU_Batch4_Sample16_HILIC_pos_SZ_07072023_049.mzML,Unknown,HILICpos,4
HILICpos/HEU_Batch3_Sample18_HILIC_pos_SZ_07032023_053.mzML,HEU_Batch3_Sample18_HILIC_pos_SZ_07032023_053.mzML,Unknown,HILICpos,3
HILICpos/HEU_Batch1_Sample28_HILIC_pos_SZ_07272023_075.mzML,HEU_Batch1_Sample28_HILIC_pos_SZ_07272023_075.mzML,Unknown,HILICpos,1
HILICpos/HEU_Batch1_Sample23_HILIC_pos_SZ_07272023_065.mzML,HEU_Batch1_Sample23_HILIC_pos_SZ_07272023_065.mzML,Unknown,HILICpos,1
HILICpos/HEU_Batch7_Sample30_HILIC_pos_SZ_07202023_079.mzML,HEU_Batch7_Sample30_HILIC_pos_SZ_07202023_079.mzML,Unknown,HILICpos,7
HILICpos/HEU_Batch3_Sample13_HILIC_pos_SZ_07032023_043.mzML,HEU_Batch3_Sample13_HILIC_pos_SZ_07032023_043.mzML,Unknown,HILICpos,3
HILICpos/Batch2_HEU133_M_HILIC_pos.mzML,Batch2_HEU133_M_HILIC_pos.mzML,Unknown,HILICpos,2
HILICpos/HEU_Batch7_Pool_QC_Injection3uL_HILIC_pos_2_SZ_07202023_037.mzML,HEU_Batch7_Pool_QC_Injection3uL_HILIC_pos_2_SZ_07202023_037.mzML,QC,HILICpos,7
HILICpos/HEU_Batch5_Sample29_HILIC_pos_SZ_07132023_077.mzML,HEU_Batch5_Sample29_HILIC_pos_SZ_07132023_077.mzML,Unknown,HILICpos,5
HILICpos/HEU_Batch7_Sample56_HILIC_pos_SZ_07202023_137.mzML,HEU_Batch7_Sample56_HILIC_pos_SZ_07202023_137.mzML,Unknown,HILICpos,7
HILICpos/HEU_Batch4_Sample15_HILIC_pos_SZ_07072023_047.mzML,HEU_Batch4_Sample15_HILIC_pos_SZ_07072023_047.mzML,Unknown,HILICpos,4
HILICpos/HEU_Batch5_Sample50_HILIC_pos_SZ_07132023_123.mzML,HEU_Batch5_Sample50_HILIC_pos_SZ_07132023_123.mzML,Unknown,HILICpos,5
HILICpos/HEU_Batch8_Pool_QC_Injection3uL_HILIC_pos_6_SZ_07242023_125.mzML,HEU_Batch8_Pool_QC_Injection3uL_HILIC_pos_6_SZ_07242023_125.mzML,QC,HILICpos,8
HILICpos/Batch2_Qstd_HILIC_pos_1.mzML,Batch2_Qstd_HILIC_pos_1.mzML,Qstd,HILICpos,2
HILICpos/HEU_Batch6_Sample34_HILIC_pos_SZ_07172023_089.mzML,HEU_Batch6_Sample34_HILIC_pos_SZ_07172023_089.mzML,Unknown,HILICpos,6
HILICpos/HEU_Batch5_Sample9_HILIC_pos_SZ_07132023_033.mzML,HEU_Batch5_Sample9_HILIC_pos_SZ_07132023_033.mzML,Unknown,HILICpos,5
HILICpos/HEU_Batch3_Sample17_HILIC_pos_SZ_07032023_051.mzML,HEU_Batch3_Sample17_HILIC_pos_SZ_07032023_051.mzML,Unknown,HILICpos,3
HILICpos/HEU_Batch7_Sample44_HILIC_pos_SZ_07202023_111.mzML,HEU_Batch7_Sample44_HILIC_pos_SZ_07202023_111.mzML,Unknown,HILICpos,7
HILICpos/Batch2_HEU127_B_HILIC_pos.mzML,Batch2_HEU127_B_HILIC_pos.mzML,Unknown,HILICpos,2
HILICpos/HEU_Batch7_Sample5_HILIC_pos_SZ_07202023_025.mzML,HEU_Batch7_Sample5_HILIC_pos_SZ_07202023_025.mzML,Unknown,HILICpos,7
HILICpos/Batch2_HEU089_M_HILIC_pos.mzML,Batch2_HEU089_M_HILIC_pos.mzML,Unknown,HILICpos,2
HILICpos/HEU_Batch5_Sample6_HILIC_pos_SZ_07132023_027.mzML,HEU_Batch5_Sample6_HILIC_pos_SZ_07132023_027.mzML,Unknown,HILICpos,5
HILICpos/HEU_Batch1_Sample21_HILIC_pos_SZ_07272023_061.mzML,HEU_Batch1_Sample21_HILIC_pos_SZ_07272023_061.mzML,Unknown,HILICpos,1
HILICpos/HEU_Batch5_NIST_HILIC_pos_1_SZ_07132023_007.mzML,HEU_Batch5_NIST_HILIC_pos_1_SZ_07132023_007.mzML,NIST,HILICpos,5
HILICpos/HEU_Batch5_Sample24_HILIC_pos_SZ_07132023_067.mzML,HEU_Batch5_Sample24_HILIC_pos_SZ_07132023_067.mzML,Unknown,HILICpos,5
HILICpos/HEU_Batch3_Pool_QC_Injection3uL_HILIC_pos_6_SZ_07032023_125.mzML,HEU_Batch3_Pool_QC_Injection3uL_HILIC_pos_6_SZ_07032023_125.mzML,QC,HILICpos,3
HILICpos/Batch2_HEU096_M_HILIC_pos.mzML,Batch2_HEU096_M_HILIC_pos.mzML,Unknown,HILICpos,2
HILICpos/HEU_Batch7_Sample54_HILIC_pos_SZ_07202023_133.mzML,HEU_Batch7_Sample54_HILIC_pos_SZ_07202023_133.mzML,Unknown,HILICpos,7
HILICpos/HEU_Batch7_Sample42_HILIC_pos_SZ_07202023_107.mzML,HEU_Batch7_Sample42_HILIC_pos_SZ_07202023_107.mzML,Unknown,HILICpos,7
HILICpos/HEU_Batch5_Sample1_HILIC_pos_SZ_07132023_017.mzML,HEU_Batch5_Sample1_HILIC_pos_SZ_07132023_017.mzML,Unknown,HILICpos,5
HILICpos/HEU_Batch5_Sample11_HILIC_pos_SZ_07132023_039.mzML,HEU_Batch5_Sample11_HILIC_pos_SZ_07132023_039.mzML,Unknown,HILICpos,5
HILICpos/HEU_Batch5_Sample4_HILIC_pos_SZ_07132023_023.mzML,HEU_Batch5_Sample4_HILIC_pos_SZ_07132023_023.mzML,Unknown,HILICpos,5
HILICpos/HEU_Batch4_Pool_QC_Injection2uL_HILIC_pos_1_SZ_07072023_013.mzML,HEU_Batch4_Pool_QC_Injection2uL_HILIC_pos_1_SZ_07072023_013.mzML,QC,HILICpos,4
HILICpos/Batch2_HEU015_M_HILIC_pos.mzML,Batch2_HEU015_M_HILIC_pos.mzML,Unknown,HILICpos,2
HILICpos/HEU_Batch6_Sample39_HILIC_pos_SZ_07172023_099.mzML,HEU_Batch6_Sample39_HILIC_pos_SZ_07172023_099.mzML,Unknown,HILICpos,6
HILICpos/HEU_Batch8_Sample27_HILIC_pos_SZ_07242023_073.mzML,HEU_Batch8_Sample27_HILIC_pos_SZ_07242023_073.mzML,Unknown,HILICpos,8
HILICpos/Batch2_HEU216_M_HILIC_pos.mzML,Batch2_HEU216_M_HILIC_pos.mzML,Unknown,HILICpos,2
HILICpos/HEU_Batch5_Sample40_HILIC_pos_SZ_07132023_101.mzML,HEU_Batch5_Sample40_HILIC_pos_SZ_07132023_101.mzML,Unknown,HILICpos,5
HILICpos/HEU_Batch5_Sample2_HILIC_pos_SZ_07132023_019.mzML,HEU_Batch5_Sample2_HILIC_pos_SZ_07132023_019.mzML,Unknown,HILICpos,5
HILICpos/HEU_Batch7_Sample46_HILIC_pos_SZ_07202023_115.mzML,HEU_Batch7_Sample46_HILIC_pos_SZ_07202023_115.mzML,Unknown,HILICpos,7
HILICpos/HEU_Batch5_Pool_QC_Injection3uL_HILIC_pos_4_SZ_07132023_081.mzML,HEU_Batch5_Pool_QC_Injection3uL_HILIC_pos_4_SZ_07132023_081.mzML,QC,HILICpos,5
HILICpos/Batch2_NIST_HILIC_pos_2.mzML,Batch2_NIST_HILIC_pos_2.mzML,NIST,HILICpos,2
HILICpos/HEU_Batch1_Sample38_HILIC_pos_SZ_07272023_097.mzML,HEU_Batch1_Sample38_HILIC_pos_SZ_07272023_097.mzML,Unknown,HILICpos,1
HILICpos/HEU_Batch6_Sample27_HILIC_pos_SZ_07172023_073.mzML,HEU_Batch6_Sample27_HILIC_pos_SZ_07172023_073.mzML,Unknown,HILICpos,6
HILICpos/HEU_Batch8_Sample39_HILIC_pos_SZ_07242023_099.mzML,HEU_Batch8_Sample39_HILIC_pos_SZ_07242023_099.mzML,Unknown,HILICpos,8
HILICpos/HEU_Batch1_Sample33_HILIC_pos_SZ_07272023_087.mzML,HEU_Batch1_Sample33_HILIC_pos_SZ_07272023_087.mzML,Unknown,HILICpos,1
HILICpos/HEU_Batch5_Process_Blank_HILIC_pos_1_SZ_07132023_005.mzML,HEU_Batch5_Process_Blank_HILIC_pos_1_SZ_07132023_005.mzML,Process_Blank,HILICpos,5
HILICpos/HEU_Batch5_Sample32_HILIC_pos_SZ_07132023_085.mzML,HEU_Batch5_Sample32_HILIC_pos_SZ_07132023_085.mzML,Unknown,HILICpos,5
HILICpos/HEU_Batch4_Sample46_HILIC_pos_SZ_07072023_115.mzML,HEU_Batch4_Sample46_HILIC_pos_SZ_07072023_115.mzML,Unknown,HILICpos,4
HILICpos/HEU_Batch7_Blank_IS_HILIC_pos_1_SZ_07202023_003.mzML,HEU_Batch7_Blank_IS_HILIC_pos_1_SZ_07202023_003.mzML,Blank_IS,HILICpos,7
HILICpos/HEU_Batch3_Sample48_HILIC_pos_SZ_07032023_119.mzML,HEU_Batch3_Sample48_HILIC_pos_SZ_07032023_119.mzML,Unknown,HILICpos,3
HILICpos/Batch2_Qstd_HILIC_pos_2.mzML,Batch2_Qstd_HILIC_pos_2.mzML,Qstd,HILICpos,2
HILICpos/HEU_Batch3_Sample43_HILIC_pos_SZ_07032023_109.mzML,HEU_Batch3_Sample43_HILIC_pos_SZ_07032023_109.mzML,Unknown,HILICpos,3
HILICpos/HEU_Batch1_Sample37_HILIC_pos_SZ_07272023_095.mzML,HEU_Batch1_Sample37_HILIC_pos_SZ_07272023_095.mzML,Unknown,HILICpos,1
HILICpos/HEU_Batch8_Pool_QC_Injection3uL_HILIC_pos_3_SZ_07242023_059.mzML,HEU_Batch8_Pool_QC_Injection3uL_HILIC_pos_3_SZ_07242023_059.mzML,QC,HILICpos,8
HILICpos/HEU_Batch8_Pool_QC_Injection1uL_HILIC_pos_1_SZ_07242023_015.mzML,HEU_Batch8_Pool_QC_Injection1uL_HILIC_pos_1_SZ_07242023_015.mzML,QC,HILICpos,8
HILICpos/HEU_Batch4_Sample54_HILIC_pos_SZ_07072023_133.mzML,HEU_Batch4_Sample54_HILIC_pos_SZ_07072023_133.mzML,Unknown,HILICpos,4
HILICpos/HEU_Batch4_Sample42_HILIC_pos_SZ_07072023_107.mzML,HEU_Batch4_Sample42_HILIC_pos_SZ_07072023_107.mzML,Unknown,HILICpos,4
HILICpos/FDA_HIV_drug_AuthenticStandards_MS1_1_HILICpos_08282025_03.mzML,FDA_HIV_drug_AuthenticStandards_MS1_1_HILICpos_08282025_03.mzML,Unknown,HILICpos,2
HILICpos/HEU_Batch1_Sample31_HILIC_pos_SZ_07272023_083.mzML,HEU_Batch1_Sample31_HILIC_pos_SZ_07272023_083.mzML,Unknown,HILICpos,1
HILICpos/HEU_Batch3_Pool_QC_Injection1uL_HILIC_pos_1_SZ_07032023_015.mzML,HEU_Batch3_Pool_QC_Injection1uL_HILIC_pos_1_SZ_07032023_015.mzML,QC,HILICpos,3
HILICpos/HEU_Batch3_Pool_QC_Injection3uL_HILIC_pos_3_SZ_07032023_059.mzML,HEU_Batch3_Pool_QC_Injection3uL_HILIC_pos_3_SZ_07032023_059.mzML,QC,HILICpos,3
HILICpos/HEU_Batch4_Sample44_HILIC_pos_SZ_07072023_111.mzML,HEU_Batch4_Sample44_HILIC_pos_SZ_07072023_111.mzML,Unknown,HILICpos,4
HILICpos/Batch2_HEU063_M_HILIC_pos.mzML,Batch2_HEU063_M_HILIC_pos.mzML,Unknown,HILICpos,2
HILICpos/HEU_Batch8_Sample34_HILIC_pos_SZ_07242023_089.mzML,HEU_Batch8_Sample34_HILIC_pos_SZ_07242023_089.mzML,Unknown,HILICpos,8
HILICpos/HEU_Batch3_NIST_HILIC_pos_1_SZ_07032023_007.mzML,HEU_Batch3_NIST_HILIC_pos_1_SZ_07032023_007.mzML,NIST,HILICpos,3
HILICpos/HEU_Batch6_Process_Blank_HILIC_pos_2_SZ_07172023_149.mzML,HEU_Batch6_Process_Blank_HILIC_pos_2_SZ_07172023_149.mzML,Process_Blank,HILICpos,6
HILICpos/HEU_Batch6_Pool_QC_Injection3uL_HILIC_pos_2_SZ_07172023_037.mzML,HEU_Batch6_Pool_QC_Injection3uL_HILIC_pos_2_SZ_07172023_037.mzML,QC,HILICpos,6
HILICpos/HEU_Batch3_Sample10_HILIC_pos_SZ_07032023_035.mzML,HEU_Batch3_Sample10_HILIC_pos_SZ_07032023_035.mzML,Unknown,HILICpos,3
HILICpos/HEU_Batch7_NIST_HILIC_pos_1_SZ_07202023_007.mzML,HEU_Batch7_NIST_HILIC_pos_1_SZ_07202023_007.mzML,NIST,HILICpos,7
HILICpos/HEU_Batch7_Sample16_HILIC_pos_SZ_07202023_049.mzML,HEU_Batch7_Sample16_HILIC_pos_SZ_07202023_049.mzML,Unknown,HILICpos,7
HILICpos/HEU_Batch1_Sample35_HILIC_pos_SZ_07272023_091.mzML,HEU_Batch1_Sample35_HILIC_pos_SZ_07272023_091.mzML,Unknown,HILICpos,1
HILICpos/Batch2_HEU091_B_HILIC_pos.mzML,Batch2_HEU091_B_HILIC_pos.mzML,Unknown,HILICpos,2
HILICpos/HEU_Batch4_Sample30_HILIC_pos_SZ_07072023_079.mzML,HEU_Batch4_Sample30_HILIC_pos_SZ_07072023_079.mzML,Unknown,HILICpos,4
HILICpos/HEU_Batch4_Qstd_HILIC_pos_1_SZ_07072023_009.mzML,HEU_Batch4_Qstd_HILIC_pos_1_SZ_07072023_009.mzML,Qstd,HILICpos,4
HILICpos/HEU_Batch7_Process_Blank_HILIC_pos_2_SZ_07202023_147.mzML,HEU_Batch7_Process_Blank_HILIC_pos_2_SZ_07202023_147.mzML,Process_Blank,HILICpos,7
HILICpos/HEU_Batch7_Sample15_HILIC_pos_SZ_07202023_047.mzML,HEU_Batch7_Sample15_HILIC_pos_SZ_07202023_047.mzML,Unknown,HILICpos,7
HILICpos/HEU_Batch4_Sample56_HILIC_pos_SZ_07072023_137.mzML,HEU_Batch4_Sample56_HILIC_pos_SZ_07072023_137.mzML,Unknown,HILICpos,4
HILICpos/HEU_Batch3_Qstd_HILIC_pos_2_SZ_07032023_141.mzML,HEU_Batch3_Qstd_HILIC_pos_2_SZ_07032023_141.mzML,Qstd,HILICpos,3
HILICpos/HEU_Batch4_Sample20_HILIC_pos_SZ_07072023_057.mzML,HEU_Batch4_Sample20_HILIC_pos_SZ_07072023_057.mzML,Unknown,HILICpos,4
HILICpos/HEU_Batch8_Sample32_HILIC_pos_SZ_07242023_085.mzML,HEU_Batch8_Sample32_HILIC_pos_SZ_07242023_085.mzML,Unknown,HILICpos,8
HILICpos/HEU_Batch3_Sample47_HILIC_pos_SZ_07032023_117.mzML,HEU_Batch3_Sample47_HILIC_pos_SZ_07032023_117.mzML,Unknown,HILICpos,3
HILICpos/HEU_Batch5_Sample39_HILIC_pos_SZ_07132023_099.mzML,HEU_Batch5_Sample39_HILIC_pos_SZ_07132023_099.mzML,Unknown,HILICpos,5
HILICpos/HEU_Batch3_Pool_QC_Injection3uL_HILIC_pos_1_SZ_07032023_011.mzML,HEU_Batch3_Pool_QC_Injection3uL_HILIC_pos_1_SZ_07032023_011.mzML,QC,HILICpos,3
HILICpos/HEU_Batch6_Sample40_HILIC_pos_SZ_07172023_101.mzML,HEU_Batch6_Sample40_HILIC_pos_SZ_07172023_101.mzML,Unknown,HILICpos,6
HILICpos/Batch2_Blank_HILIC_pos_2.mzML,Batch2_Blank_HILIC_pos_2.mzML,Blank,HILICpos,2
HILICpos/HEU_Batch1_NIST_HILIC_pos_1_SZ_07272023_007.mzML,HEU_Batch1_NIST_HILIC_pos_1_SZ_07272023_007.mzML,NIST,HILICpos,1
HILICpos/HEU_Batch6_Sample11_HILIC_pos_SZ_07172023_039.mzML,HEU_Batch6_Sample11_HILIC_pos_SZ_07172023_039.mzML,Unknown,HILICpos,6
HILICpos/FDA_HIV_drug_AuthenticStandards_MS1_3_HILICpos_08282025_05.mzML,FDA_HIV_drug_AuthenticStandards_MS1_3_HILICpos_08282025_05.mzML,Unknown,HILICpos,2
HILICpos/HEU_Batch6_Sample24_HILIC_pos_SZ_07172023_067.mzML,HEU_Batch6_Sample24_HILIC_pos_SZ_07172023_067.mzML,Unknown,HILICpos,6
HILICpos/HEU_Batch4_Sample41_HILIC_pos_SZ_07072023_105.mzML,HEU_Batch4_Sample41_HILIC_pos_SZ_07072023_105.mzML,Unknown,HILICpos,4
HILICpos/HEU_Batch5_Pool_QC_Injection2uL_HILIC_pos_1_SZ_07132023_013.mzML,HEU_Batch5_Pool_QC_Injection2uL_HILIC_pos_1_SZ_07132023_013.mzML,QC,HILICpos,5
HILICpos/Batch2_HEU145_B_HILIC_pos.mzML,Batch2_HEU145_B_HILIC_pos.mzML,Unknown,HILICpos,2
HILICpos/HEU_Batch3_Process_Blank_HILIC_pos_2_SZ_07032023_145.mzML,HEU_Batch3_Process_Blank_HILIC_pos_2_SZ_07032023_145.mzML,Process_Blank,HILICpos,3
HILICpos/HEU_Batch3_Sample45_HILIC_pos_SZ_07032023_113.mzML,HEU_Batch3_Sample45_HILIC_pos_SZ_07032023_113.mzML,Unknown,HILICpos,3
HILICpos/HEU_Batch4_Sample51_HILIC_pos_SZ_07072023_127.mzML,HEU_Batch4_Sample51_HILIC_pos_SZ_07072023_127.mzML,Unknown,HILICpos,4
HILICpos/HEU_Batch5_Sample34_HILIC_pos_SZ_07132023_089.mzML,HEU_Batch5_Sample34_HILIC_pos_SZ_07132023_089.mzML,Unknown,HILICpos,5
HILICpos/HEU_Batch7_Pool_QC_Injection3uL_HILIC_pos_5_SZ_07202023_103.mzML,HEU_Batch7_Pool_QC_Injection3uL_HILIC_pos_5_SZ_07202023_103.mzML,QC,HILICpos,7
HILICpos/HEU_Batch4_Sample52_HILIC_pos_SZ_07072023_129.mzML,HEU_Batch4_Sample52_HILIC_pos_SZ_07072023_129.mzML,Unknown,HILICpos,4
HILICpos/HEU_Batch4_NIST_HILIC_pos_2_SZ_07072023_143.mzML,HEU_Batch4_NIST_HILIC_pos_2_SZ_07072023_143.mzML,NIST,HILICpos,4
HILICpos/HEU_Batch7_Blank_IS_HILIC_pos_2_SZ_07202023_149.mzML,HEU_Batch7_Blank_IS_HILIC_pos_2_SZ_07202023_149.mzML,Blank_IS,HILICpos,7
HILICpos/HEU_Batch4_Sample49_HILIC_pos_SZ_07072023_121.mzML,HEU_Batch4_Sample49_HILIC_pos_SZ_07072023_121.mzML,Unknown,HILICpos,4
HILICpos/HEU_Batch4_Sample55_HILIC_pos_SZ_07072023_135.mzML,HEU_Batch4_Sample55_HILIC_pos_SZ_07072023_135.mzML,Unknown,HILICpos,4
HILICpos/HEU_Batch6_Sample29_HILIC_pos_SZ_07172023_077.mzML,HEU_Batch6_Sample29_HILIC_pos_SZ_07172023_077.mzML,Unknown,HILICpos,6
HILICpos/HEU_Batch1_Sample36_HILIC_pos_SZ_07272023_093.mzML,HEU_Batch1_Sample36_HILIC_pos_SZ_07272023_093.mzML,Unknown,HILICpos,1
HILICpos/HEU_Batch8_Pool_QC_Injection3uL_HILIC_pos_1_SZ_07242023_011.mzML,HEU_Batch8_Pool_QC_Injection3uL_HILIC_pos_1_SZ_07242023_011.mzML,QC,HILICpos,8
HILICpos/HEU_Batch6_Sample50_HILIC_pos_SZ_07172023_123.mzML,HEU_Batch6_Sample50_HILIC_pos_SZ_07172023_123.mzML,Unknown,HILICpos,6
HILICpos/HEU_Batch7_Sample12_HILIC_pos_SZ_07202023_041.mzML,HEU_Batch7_Sample12_HILIC_pos_SZ_07202023_041.mzML,Unknown,HILICpos,7
HILICpos/HEU_Batch3_Sample53_HILIC_pos_SZ_07032023_131.mzML,HEU_Batch3_Sample53_HILIC_pos_SZ_07032023_131.mzML,Unknown,HILICpos,3
HILICpos/Batch2_HEU027_B_HILIC_pos.mzML,Batch2_HEU027_B_HILIC_pos.mzML,Unknown,HILICpos,2
HILICpos/HEU_Batch6_Sample15_HILIC_pos_SZ_07172023_047.mzML,HEU_Batch6_Sample15_HILIC_pos_SZ_07172023_047.mzML,Unknown,HILICpos,6
HILICpos/HEU_Batch8_Sample30_HILIC_pos_SZ_07242023_079.mzML,HEU_Batch8_Sample30_HILIC_pos_SZ_07242023_079.mzML,Unknown,HILICpos,8
HILICpos/HEU_Batch6_Sample9_HILIC_pos_SZ_07172023_033.mzML,HEU_Batch6_Sample9_HILIC_pos_SZ_07172023_033.mzML,Unknown,HILICpos,6
HILICpos/HEU_Batch4_Sample6_HILIC_pos_SZ_07072023_027.mzML,HEU_Batch4_Sample6_HILIC_pos_SZ_07072023_027.mzML,Unknown,HILICpos,4
HILICpos/HEU_Batch3_Sample35_HILIC_pos_SZ_07032023_091.mzML,HEU_Batch3_Sample35_HILIC_pos_SZ_07032023_091.mzML,Unknown,HILICpos,3
HILICpos/HEU_Batch1_Sample57_HILIC_pos_SZ_07272023_139.mzML,HEU_Batch1_Sample57_HILIC_pos_SZ_07272023_139.mzML,Unknown,HILICpos,1
HILICpos/HEU_Batch5_Sample49_HILIC_pos_SZ_07132023_121.mzML,HEU_Batch5_Sample49_HILIC_pos_SZ_07132023_121.mzML,Unknown,HILICpos,5
HILICpos/Batch2_HEU130_M_HILIC_pos.mzML,Batch2_HEU130_M_HILIC_pos.mzML,Unknown,HILICpos,2
HILICpos/HEU_Batch1_Sample10_HILIC_pos_SZ_07272023_035.mzML,HEU_Batch1_Sample10_HILIC_pos_SZ_07272023_035.mzML,Unknown,HILICpos,1
HILICpos/HEU_Batch1_Pool_QC_Injection3uL_HILIC_pos_1_SZ_07272023_011.mzML,HEU_Batch1_Pool_QC_Injection3uL_HILIC_pos_1_SZ_07272023_011.mzML,QC,HILICpos,1
HILICpos/HEU_Batch6_Sample6_HILIC_pos_SZ_07172023_027.mzML,HEU_Batch6_Sample6_HILIC_pos_SZ_07172023_027.mzML,Unknown,HILICpos,6
HILICpos/HEU_Batch5_Sample55_HILIC_pos_SZ_07132023_135.mzML,HEU_Batch5_Sample55_HILIC_pos_SZ_07132023_135.mzML,Unknown,HILICpos,5
HILICpos/HEU_Batch6_Sample16_HILIC_pos_SZ_07172023_049.mzML,HEU_Batch6_Sample16_HILIC_pos_SZ_07172023_049.mzML,Unknown,HILICpos,6
HILICpos/HEU_Batch4_Sample9_HILIC_pos_SZ_07072023_033.mzML,HEU_Batch4_Sample9_HILIC_pos_SZ_07072023_033.mzML,Unknown,HILICpos,4
HILICpos/HEU_Batch3_Sample4_HILIC_pos_SZ_07032023_023.mzML,HEU_Batch3_Sample4_HILIC_pos_SZ_07032023_023.mzML,Unknown,HILICpos,3
HILICpos/HEU_Batch5_Sample52_HILIC_pos_SZ_07132023_129.mzML,HEU_Batch5_Sample52_HILIC_pos_SZ_07132023_129.mzML,Unknown,HILICpos,5
HILICpos/HEU_Batch3_Sample2_HILIC_pos_SZ_07032023_019.mzML,HEU_Batch3_Sample2_HILIC_pos_SZ_07032023_019.mzML,Unknown,HILICpos,3
HILICpos/HEU_Batch6_Pool_QC_Injection3uL_HILIC_pos_4_SZ_07172023_081.mzML,HEU_Batch6_Pool_QC_Injection3uL_HILIC_pos_4_SZ_07172023_081.mzML,QC,HILICpos,6
HILICpos/HEU_Batch3_Sample1_HILIC_pos_SZ_07032023_017.mzML,HEU_Batch3_Sample1_HILIC_pos_SZ_07032023_017.mzML,Unknown,HILICpos,3
HILICpos/HEU_Batch3_Sample31_HILIC_pos_SZ_07032023_083.mzML,HEU_Batch3_Sample31_HILIC_pos_SZ_07032023_083.mzML,Unknown,HILICpos,3
HILICpos/HEU_Batch8_Sample44_HILIC_pos_SZ_07242023_111.mzML,HEU_Batch8_Sample44_HILIC_pos_SZ_07242023_111.mzML,Unknown,HILICpos,8
HILICpos/HEU_Batch5_Sample51_HILIC_pos_SZ_07132023_127.mzML,HEU_Batch5_Sample51_HILIC_pos_SZ_07132023_127.mzML,Unknown,HILICpos,5
HILICpos/HEU_Batch4_Sample34_HILIC_pos_SZ_07072023_089.mzML,HEU_Batch4_Sample34_HILIC_pos_SZ_07072023_089.mzML,Unknown,HILICpos,4
HILICpos/HEU_Batch1_Pool_QC_Injection3uL_HILIC_pos_7_SZ_07272023_141.mzML,HEU_Batch1_Pool_QC_Injection3uL_HILIC_pos_7_SZ_07272023_141.mzML,QC,HILICpos,1
HILICpos/HEU_Batch4_Sample4_HILIC_pos_SZ_07072023_023.mzML,HEU_Batch4_Sample4_HILIC_pos_SZ_07072023_023.mzML,Unknown,HILICpos,4
HILICpos/HEU_Batch6_Sample1_HILIC_pos_SZ_07172023_017.mzML,HEU_Batch6_Sample1_HILIC_pos_SZ_07172023_017.mzML,Unknown,HILICpos,6
HILICpos/HEU_Batch4_Sample2_HILIC_pos_SZ_07072023_019.mzML,HEU_Batch4_Sample2_HILIC_pos_SZ_07072023_019.mzML,Unknown,HILICpos,4
HILICpos/HEU_Batch8_Sample42_HILIC_pos_SZ_07242023_107.mzML,HEU_Batch8_Sample42_HILIC_pos_SZ_07242023_107.mzML,Unknown,HILICpos,8
HILICpos/HEU_Batch4_Sample1_HILIC_pos_SZ_07072023_017.mzML,HEU_Batch4_Sample1_HILIC_pos_SZ_07072023_017.mzML,Unknown,HILICpos,4
HILICpos/HEU_Batch1_Sample43_HILIC_pos_SZ_07272023_109.mzML,HEU_Batch1_Sample43_HILIC_pos_SZ_07272023_109.mzML,Unknown,HILICpos,1
HILICpos/HEU_Batch6_Solvent_Blank_MobileA50B50_HILIC_pos_1_SZ_07172023_001.mzML,HEU_Batch6_Solvent_Blank_MobileA50B50_HILIC_pos_1_SZ_07172023_001.mzML,Solvent_Blank,HILICpos,6
HILICpos/HEU_Batch6_Blank_IS_HILIC_pos_1_SZ_07172023_003.mzML,HEU_Batch6_Blank_IS_HILIC_pos_1_SZ_07172023_003.mzML,Blank_IS,HILICpos,6
HILICpos/HEU_Batch1_Sample48_HILIC_pos_SZ_07272023_119.mzML,HEU_Batch1_Sample48_HILIC_pos_SZ_07272023_119.mzML,Unknown,HILICpos,1
HILICpos/HEU_Batch6_Sample4_HILIC_pos_SZ_07172023_023.mzML,HEU_Batch6_Sample4_HILIC_pos_SZ_07172023_023.mzML,Unknown,HILICpos,6
HILICpos/Batch2_Blank_IS_HILIC_pos_2.mzML,Batch2_Blank_IS_HILIC_pos_2.mzML,Blank_IS,HILICpos,2
HILICpos/HEU_Batch1_Blank_IS_HILIC_pos_2_SZ_07272023_149.mzML,HEU_Batch1_Blank_IS_HILIC_pos_2_SZ_07272023_149.mzML,Blank_IS,HILICpos,1
HILICpos/HEU_Batch5_Qstd_HILIC_pos_1_SZ_07132023_009.mzML,HEU_Batch5_Qstd_HILIC_pos_1_SZ_07132023_009.mzML,Qstd,HILICpos,5
HILICpos/HEU_Batch6_Sample2_HILIC_pos_SZ_07172023_019.mzML,HEU_Batch6_Sample2_HILIC_pos_SZ_07172023_019.mzML,Unknown,HILICpos,6
HILICpos/HEU_Batch8_Sample54_HILIC_pos_SZ_07242023_133.mzML,HEU_Batch8_Sample54_HILIC_pos_SZ_07242023_133.mzML,Unknown,HILICpos,8
HILICpos/HEU_Batch5_Sample41_HILIC_pos_SZ_07132023_105.mzML,HEU_Batch5_Sample41_HILIC_pos_SZ_07132023_105.mzML,Unknown,HILICpos,5
HILICpos/HEU_Batch3_Sample37_HILIC_pos_SZ_07032023_095.mzML,HEU_Batch3_Sample37_HILIC_pos_SZ_07032023_095.mzML,Unknown,HILICpos,3
HILICpos/HEU_Batch4_Sample39_HILIC_pos_SZ_07072023_099.mzML,HEU_Batch4_Sample39_HILIC_pos_SZ_07072023_099.mzML,Unknown,HILICpos,4
HILICpos/HEU_Batch3_Sample6_HILIC_pos_SZ_07032023_027.mzML,HEU_Batch3_Sample6_HILIC_pos_SZ_07032023_027.mzML,Unknown,HILICpos,3
HILICpos/HEU_Batch4_Pool_QC_Injection3uL_HILIC_pos_5_SZ_07072023_103.mzML,HEU_Batch4_Pool_QC_Injection3uL_HILIC_pos_5_SZ_07072023_103.mzML,QC,HILICpos,4
HILICpos/HEU_Batch7_Sample27_HILIC_pos_SZ_07202023_073.mzML,HEU_Batch7_Sample27_HILIC_pos_SZ_07202023_073.mzML,Unknown,HILICpos,7
HILICpos/HEU_Batch5_Sample20_HILIC_pos_SZ_07132023_057.mzML,HEU_Batch5_Sample20_HILIC_pos_SZ_07132023_057.mzML,Unknown,HILICpos,5
HILICpos/HEU_Batch5_Pool_QC_Injection3uL_HILIC_pos_2_SZ_07132023_037.mzML,HEU_Batch5_Pool_QC_Injection3uL_HILIC_pos_2_SZ_07132023_037.mzML,QC,HILICpos,5
HILICpos/HEU_Batch8_Sample46_HILIC_pos_SZ_07242023_115.mzML,HEU_Batch8_Sample46_HILIC_pos_SZ_07242023_115.mzML,Unknown,HILICpos,8
HILICpos/HEU_Batch3_Sample9_HILIC_pos_SZ_07032023_033.mzML,HEU_Batch3_Sample9_HILIC_pos_SZ_07032023_033.mzML,Unknown,HILICpos,3
HILICpos/HEU_Batch3_Sample33_HILIC_pos_SZ_07032023_087.mzML,HEU_Batch3_Sample33_HILIC_pos_SZ_07032023_087.mzML,Unknown,HILICpos,3
HILICpos/HEU_Batch3_Sample38_HILIC_pos_SZ_07032023_097.mzML,HEU_Batch3_Sample38_HILIC_pos_SZ_07032023_097.mzML,Unknown,HILICpos,3
HILICpos/Batch2_HEU028_B_HILIC_pos.mzML,Batch2_HEU028_B_HILIC_pos.mzML,Unknown,HILICpos,2
HILICpos/HEU_Batch6_Sample12_HILIC_pos_SZ_07172023_041.mzML,HEU_Batch6_Sample12_HILIC_pos_SZ_07172023_041.mzML,Unknown,HILICpos,6
HILICpos/HEU_Batch3_Sample36_HILIC_pos_SZ_07032023_093.mzML,HEU_Batch3_Sample36_HILIC_pos_SZ_07032023_093.mzML,Unknown,HILICpos,3
HILICpos/HEU_Batch8_Sample55_HILIC_pos_SZ_07242023_135.mzML,HEU_Batch8_Sample55_HILIC_pos_SZ_07242023_135.mzML,Unknown,HILICpos,8
HILICpos/HEU_Batch5_Sample56_HILIC_pos_SZ_07132023_137.mzML,HEU_Batch5_Sample56_HILIC_pos_SZ_07132023_137.mzML,Unknown,HILICpos,5
HILICpos/HEU_Batch8_Sample49_HILIC_pos_SZ_07242023_121.mzML,HEU_Batch8_Sample49_HILIC_pos_SZ_07242023_121.mzML,Unknown,HILICpos,8
HILICpos/HEU_Batch8_Process_Blank_HILIC_pos_1_SZ_07242023_005.mzML,HEU_Batch8_Process_Blank_HILIC_pos_1_SZ_07242023_005.mzML,Process_Blank,HILICpos,8
HILICpos/HEU_Batch7_Sample29_HILIC_pos_SZ_07202023_077.mzML,HEU_Batch7_Sample29_HILIC_pos_SZ_07202023_077.mzML,Unknown,HILICpos,7
HILICpos/HEU_Batch7_Sample50_HILIC_pos_SZ_07202023_123.mzML,HEU_Batch7_Sample50_HILIC_pos_SZ_07202023_123.mzML,Unknown,HILICpos,7
HILICpos/HEU_Batch1_Sample53_HILIC_pos_SZ_07272023_131.mzML,HEU_Batch1_Sample53_HILIC_pos_SZ_07272023_131.mzML,Unknown,HILICpos,1
HILICpos/HEU_Batch6_Sample5_HILIC_pos_SZ_07172023_025.mzML,HEU_Batch6_Sample5_HILIC_pos_SZ_07172023_025.mzML,Unknown,HILICpos,6
HILICpos/HEU_Batch6_Pool_QC_Injection2uL_HILIC_pos_1_SZ_07172023_013.mzML,HEU_Batch6_Pool_QC_Injection2uL_HILIC_pos_1_SZ_07172023_013.mzML,QC,HILICpos,6
HILICpos/HEU_Batch1_Blank_IS_HILIC_pos_1_SZ_07272023_003.mzML,HEU_Batch1_Blank_IS_HILIC_pos_1_SZ_07272023_003.mzML,Blank_IS,HILICpos,1
HILICpos/HEU_Batch4_Sample5_HILIC_pos_SZ_07072023_025.mzML,HEU_Batch4_Sample5_HILIC_pos_SZ_07072023_025.mzML,Unknown,HILICpos,4
HILICpos/HEU_Batch5_Sample30_HILIC_pos_SZ_07132023_079.mzML,HEU_Batch5_Sample30_HILIC_pos_SZ_07132023_079.mzML,Unknown,HILICpos,5
HILICpos/HEU_Batch8_Sample51_HILIC_pos_SZ_07242023_127.mzML,HEU_Batch8_Sample51_HILIC_pos_SZ_07242023_127.mzML,Unknown,HILICpos,8
HILICpos/HEU_Batch5_Sample44_HILIC_pos_SZ_07132023_111.mzML,HEU_Batch5_Sample44_HILIC_pos_SZ_07132023_111.mzML,Unknown,HILICpos,5
HILICpos/HEU_Batch1_Sample45_HILIC_pos_SZ_07272023_113.mzML,HEU_Batch1_Sample45_HILIC_pos_SZ_07272023_113.mzML,Unknown,HILICpos,1
HILICpos/HEU_Batch1_Process_Blank_HILIC_pos_1_SZ_07272023_005.mzML,HEU_Batch1_Process_Blank_HILIC_pos_1_SZ_07272023_005.mzML,Process_Blank,HILICpos,1
HILICpos/HEU_Batch8_Sample52_HILIC_pos_SZ_07242023_129.mzML,HEU_Batch8_Sample52_HILIC_pos_SZ_07242023_129.mzML,Unknown,HILICpos,8
HILICpos/HEU_Batch8_Process_Blank_HILIC_pos_2_SZ_07242023_143.mzML,HEU_Batch8_Process_Blank_HILIC_pos_2_SZ_07242023_143.mzML,Process_Blank,HILICpos,8
HILICpos/HEU_Batch1_Pool_QC_Injection1uL_HILIC_pos_1_SZ_07272023_015.mzML,HEU_Batch1_Pool_QC_Injection1uL_HILIC_pos_1_SZ_07272023_015.mzML,QC,HILICpos,1
HILICpos/HEU_Batch8_Sample41_HILIC_pos_SZ_07242023_105.mzML,HEU_Batch8_Sample41_HILIC_pos_SZ_07242023_105.mzML,Unknown,HILICpos,8
HILICpos/HEU_Batch1_Pool_QC_Injection3uL_HILIC_pos_3_SZ_07272023_059.mzML,HEU_Batch1_Pool_QC_Injection3uL_HILIC_pos_3_SZ_07272023_059.mzML,QC,HILICpos,1
HILICpos/HEU_Batch6_NIST_HILIC_pos_1_SZ_07172023_007.mzML,HEU_Batch6_NIST_HILIC_pos_1_SZ_07172023_007.mzML,NIST,HILICpos,6
HILICpos/HEU_Batch5_Sample54_HILIC_pos_SZ_07132023_133.mzML,HEU_Batch5_Sample54_HILIC_pos_SZ_07132023_133.mzML,Unknown,HILICpos,5
HILICpos/HEU_Batch5_Sample42_HILIC_pos_SZ_07132023_107.mzML,HEU_Batch5_Sample42_HILIC_pos_SZ_07132023_107.mzML,Unknown,HILICpos,5
HILICpos/HEU_Batch4_Solvent_Blank_MobileA50B50_HILIC_pos_2_SZ_07072023_149.mzML,HEU_Batch4_Solvent_Blank_MobileA50B50_HILIC_pos_2_SZ_07072023_149.mzML,Solvent_Blank,HILICpos,4
HILICpos/HEU_Batch8_Pool_QC_Injection3uL_HILIC_pos_7_SZ_07242023_137.mzML,HEU_Batch8_Pool_QC_Injection3uL_HILIC_pos_7_SZ_07242023_137.mzML,QC,HILICpos,8
HILICpos/HEU_Batch7_Sample24_HILIC_pos_SZ_07202023_067.mzML,HEU_Batch7_Sample24_HILIC_pos_SZ_07202023_067.mzML,Unknown,HILICpos,7
HILICpos/HEU_Batch7_Sample11_HILIC_pos_SZ_07202023_039.mzML,HEU_Batch7_Sample11_HILIC_pos_SZ_07202023_039.mzML,Unknown,HILICpos,7
HILICpos/HEU_Batch7_Sample40_HILIC_pos_SZ_07202023_101.mzML,HEU_Batch7_Sample40_HILIC_pos_SZ_07202023_101.mzML,Unknown,HILICpos,7
HILICpos/HEU_Batch8_Sample20_HILIC_pos_SZ_07242023_057.mzML,HEU_Batch8_Sample20_HILIC_pos_SZ_07242023_057.mzML,Unknown,HILICpos,8
HILICpos/HEU_Batch5_Sample46_HILIC_pos_SZ_07132023_115.mzML,HEU_Batch5_Sample46_HILIC_pos_SZ_07132023_115.mzML,Unknown,HILICpos,5
HILICpos/HEU_Batch4_Sample32_HILIC_pos_SZ_07072023_085.mzML,HEU_Batch4_Sample32_HILIC_pos_SZ_07072023_085.mzML,Unknown,HILICpos,4
HILICpos/Batch2_HEU141_M_HILIC_pos.mzML,Batch2_HEU141_M_HILIC_pos.mzML,Unknown,HILICpos,2
HILICpos/HEU_Batch3_Sample5_HILIC_pos_SZ_07032023_025.mzML,HEU_Batch3_Sample5_HILIC_pos_SZ_07032023_025.mzML,Unknown,HILICpos,3
HILICpos/HEU_Batch1_Sample47_HILIC_pos_SZ_07272023_117.mzML,HEU_Batch1_Sample47_HILIC_pos_SZ_07272023_117.mzML,Unknown,HILICpos,1
HILICpos/Batch2_Pool_QC_HILIC_pos_2.mzML,Batch2_Pool_QC_HILIC_pos_2.mzML,QC,HILICpos,2
HILICpos/HEU_Batch4_Sample21_HILIC_pos_SZ_07072023_061.mzML,HEU_Batch4_Sample21_HILIC_pos_SZ_07072023_061.mzML,Unknown,HILICpos,4
HILICpos/HEU_Batch8_Pool_QC_Injection3uL_HILIC_pos_5_SZ_07242023_103.mzML,HEU_Batch8_Pool_QC_Injection3uL_HILIC_pos_5_SZ_07242023_103.mzML,QC,HILICpos,8
HILICpos/HEU_Batch6_Sample48_HILIC_pos_SZ_07172023_119.mzML,HEU_Batch6_Sample48_HILIC_pos_SZ_07172023_119.mzML,Unknown,HILICpos,6
HILICpos/HEU_Batch3_Process_Blank_HILIC_pos_1_SZ_07032023_005.mzML,HEU_Batch3_Process_Blank_HILIC_pos_1_SZ_07032023_005.mzML,Process_Blank,HILICpos,3
HILICpos/HEU_Batch7_Sample37_HILIC_pos_SZ_07202023_095.mzML,HEU_Batch7_Sample37_HILIC_pos_SZ_07202023_095.mzML,Unknown,HILICpos,7
HILICpos/HEU_Batch6_Sample43_HILIC_pos_SZ_07172023_109.mzML,HEU_Batch6_Sample43_HILIC_pos_SZ_07172023_109.mzML,Unknown,HILICpos,6
HILICpos/HEU_Batch5_Sample19_HILIC_pos_SZ_07132023_055.mzML,HEU_Batch5_Sample19_HILIC_pos_SZ_07132023_055.mzML,Unknown,HILICpos,5
HILICpos/Batch2_HEU039_M_HILIC_pos.mzML,Batch2_HEU039_M_HILIC_pos.mzML,Unknown,HILICpos,2
HILICpos/Batch2_HEU197_B_HILIC_pos.mzML,Batch2_HEU197_B_HILIC_pos.mzML,Unknown,HILICpos,2
HILICpos/HEU_Batch6_Process_Blank_HILIC_pos_1_SZ_07172023_005.mzML,HEU_Batch6_Process_Blank_HILIC_pos_1_SZ_07172023_005.mzML,Process_Blank,HILICpos,6
HILICpos/HEU_Batch7_Pool_QC_Injection3uL_HILIC_pos_7_SZ_07202023_141.mzML,HEU_Batch7_Pool_QC_Injection3uL_HILIC_pos_7_SZ_07202023_141.mzML,QC,HILICpos,7
HILICpos/HEU_Batch5_Solvent_Blank_MobileA50B50_HILIC_pos_2_SZ_07132023_153.mzML,HEU_Batch5_Solvent_Blank_MobileA50B50_HILIC_pos_2_SZ_07132023_153.mzML,Solvent_Blank,HILICpos,5
HILICpos/HEU_Batch3_Sample27_HILIC_pos_SZ_07032023_073.mzML,HEU_Batch3_Sample27_HILIC_pos_SZ_07032023_073.mzML,Unknown,HILICpos,3
HILICpos/HEU_Batch7_Sample33_HILIC_pos_SZ_07202023_087.mzML,HEU_Batch7_Sample33_HILIC_pos_SZ_07202023_087.mzML,Unknown,HILICpos,7
HILICpos/HEU_Batch4_Blank_IS_HILIC_pos_1_SZ_07072023_003.mzML,HEU_Batch4_Blank_IS_HILIC_pos_1_SZ_07072023_003.mzML,Blank_IS,HILICpos,4
HILICpos/Batch2_HEU165_M_HILIC_pos.mzML,Batch2_HEU165_M_HILIC_pos.mzML,Unknown,HILICpos,2
HILICpos/HEU_Batch7_Sample38_HILIC_pos_SZ_07202023_097.mzML,HEU_Batch7_Sample38_HILIC_pos_SZ_07202023_097.mzML,Unknown,HILICpos,7
HILICpos/HEU_Batch8_NIST_HILIC_pos_1_SZ_07242023_007.mzML,HEU_Batch8_NIST_HILIC_pos_1_SZ_07242023_007.mzML,NIST,HILICpos,8
HILICpos/HEU_Batch7_Pool_QC_Injection3uL_HILIC_pos_1_SZ_07202023_011.mzML,HEU_Batch7_Pool_QC_Injection3uL_HILIC_pos_1_SZ_07202023_011.mzML,QC,HILICpos,7
HILICpos/HEU_Batch1_Sample7_HILIC_pos_SZ_07272023_029.mzML,HEU_Batch1_Sample7_HILIC_pos_SZ_07272023_029.mzML,Unknown,HILICpos,1
HILICpos/HEU_Batch7_Sample35_HILIC_pos_SZ_07202023_091.mzML,HEU_Batch7_Sample35_HILIC_pos_SZ_07202023_091.mzML,Unknown,HILICpos,7
HILICpos/HEU_Batch1_Sample16_HILIC_pos_SZ_07272023_049.mzML,HEU_Batch1_Sample16_HILIC_pos_SZ_07272023_049.mzML,Unknown,HILICpos,1
HILICpos/HEU_Batch6_Sample10_HILIC_pos_SZ_07172023_035.mzML,HEU_Batch6_Sample10_HILIC_pos_SZ_07172023_035.mzML,Unknown,HILICpos,6
HILICpos/HEU_Batch4_Sample23_HILIC_pos_SZ_07072023_065.mzML,HEU_Batch4_Sample23_HILIC_pos_SZ_07072023_065.mzML,Unknown,HILICpos,4
HILICpos/HEU_Batch6_Sample57_HILIC_pos_SZ_07172023_139.mzML,HEU_Batch6_Sample57_HILIC_pos_SZ_07172023_139.mzML,Unknown,HILICpos,6
HILICpos/HEU_Batch5_Sample14_HILIC_pos_SZ_07132023_045.mzML,HEU_Batch5_Sample14_HILIC_pos_SZ_07132023_045.mzML,Unknown,HILICpos,5
HILICpos/HEU_Batch4_Sample28_HILIC_pos_SZ_07072023_075.mzML,HEU_Batch4_Sample28_HILIC_pos_SZ_07072023_075.mzML,Unknown,HILICpos,4
HILICpos/HEU_Batch8_Sample18_HILIC_pos_SZ_07242023_053.mzML,HEU_Batch8_Sample18_HILIC_pos_SZ_07242023_053.mzML,Unknown,HILICpos,8
HILICpos/HEU_Batch8_Sample13_HILIC_pos_SZ_07242023_043.mzML,HEU_Batch8_Sample13_HILIC_pos_SZ_07242023_043.mzML,Unknown,HILICpos,8
HILICpos/HEU_Batch8_Sample5_HILIC_pos_SZ_07242023_025.mzML,HEU_Batch8_Sample5_HILIC_pos_SZ_07242023_025.mzML,Unknown,HILICpos,8
HILICpos/HEU_Batch1_Sample15_HILIC_pos_SZ_07272023_047.mzML,HEU_Batch1_Sample15_HILIC_pos_SZ_07272023_047.mzML,Unknown,HILICpos,1
HILICpos/HEU_Batch5_Process_Blank_HILIC_pos_2_SZ_07132023_149.mzML,HEU_Batch5_Process_Blank_HILIC_pos_2_SZ_07132023_149.mzML,Process_Blank,HILICpos,5
HILICpos/HEU_Batch3_Pool_QC_Injection3uL_HILIC_pos_5_SZ_07032023_103.mzML,HEU_Batch3_Pool_QC_Injection3uL_HILIC_pos_5_SZ_07032023_103.mzML,QC,HILICpos,3
HILICpos/Batch2_HEU057_B_HILIC_pos.mzML,Batch2_HEU057_B_HILIC_pos.mzML,Unknown,HILICpos,2
HILICpos/HEU_Batch7_Sample31_HILIC_pos_SZ_07202023_083.mzML,HEU_Batch7_Sample31_HILIC_pos_SZ_07202023_083.mzML,Unknown,HILICpos,7
HILICpos/HEU_Batch8_Sample17_HILIC_pos_SZ_07242023_051.mzML,HEU_Batch8_Sample17_HILIC_pos_SZ_07242023_051.mzML,Unknown,HILICpos,8
HILICpos/HEU_Batch8_NIST_HILIC_pos_2_SZ_07242023_141.mzML,HEU_Batch8_NIST_HILIC_pos_2_SZ_07242023_141.mzML,NIST,HILICpos,8
HILICpos/HEU_Batch8_Sample4_HILIC_pos_SZ_07242023_023.mzML,HEU_Batch8_Sample4_HILIC_pos_SZ_07242023_023.mzML,Unknown,HILICpos,8
HILICpos/HEU_Batch3_Sample24_HILIC_pos_SZ_07032023_067.mzML,HEU_Batch3_Sample24_HILIC_pos_SZ_07032023_067.mzML,Unknown,HILICpos,3
HILICpos/HEU_Batch5_Pool_QC_Injection3uL_HILIC_pos_7_SZ_07132023_143.mzML,HEU_Batch5_Pool_QC_Injection3uL_HILIC_pos_7_SZ_07132023_143.mzML,QC,HILICpos,5
HILICpos/Batch2_HEU026_B_HILIC_pos.mzML,Batch2_HEU026_B_HILIC_pos.mzML,Unknown,HILICpos,2
HILICpos/Batch2_HEU150_M_HILIC_pos.mzML,Batch2_HEU150_M_HILIC_pos.mzML,Unknown,HILICpos,2
HILICpos/HEU_Batch8_Sample19_HILIC_pos_SZ_07242023_055.mzML,HEU_Batch8_Sample19_HILIC_pos_SZ_07242023_055.mzML,Unknown,HILICpos,8
HILICpos/HEU_Batch8_Sample2_HILIC_pos_SZ_07242023_019.mzML,HEU_Batch8_Sample2_HILIC_pos_SZ_07242023_019.mzML,Unknown,HILICpos,8
HILICpos/HEU_Batch8_Sample1_HILIC_pos_SZ_07242023_017.mzML,HEU_Batch8_Sample1_HILIC_pos_SZ_07242023_017.mzML,Unknown,HILICpos,8
HILICpos/HEU_Batch4_Sample22_HILIC_pos_SZ_07072023_063.mzML,HEU_Batch4_Sample22_HILIC_pos_SZ_07072023_063.mzML,Unknown,HILICpos,4
HILICpos/HEU_Batch4_Sample25_HILIC_pos_SZ_07072023_069.mzML,HEU_Batch4_Sample25_HILIC_pos_SZ_07072023_069.mzML,Unknown,HILICpos,4
HILICpos/HEU_Batch1_Sample3_HILIC_pos_SZ_07272023_021.mzML,HEU_Batch1_Sample3_HILIC_pos_SZ_07272023_021.mzML,Unknown,HILICpos,1
HILICpos/HEU_Batch6_Sample47_HILIC_pos_SZ_07172023_117.mzML,HEU_Batch6_Sample47_HILIC_pos_SZ_07172023_117.mzML,Unknown,HILICpos,6
HILICpos/HEU_Batch1_Sample8_HILIC_pos_SZ_07272023_031.mzML,HEU_Batch1_Sample8_HILIC_pos_SZ_07272023_031.mzML,Unknown,HILICpos,1
HILICpos/HEU_Batch6_Pool_QC_Injection3uL_HILIC_pos_6_SZ_07172023_125.mzML,HEU_Batch6_Pool_QC_Injection3uL_HILIC_pos_6_SZ_07172023_125.mzML,QC,HILICpos,6
HILICpos/HEU_Batch3_Sample11_HILIC_pos_SZ_07032023_039.mzML,HEU_Batch3_Sample11_HILIC_pos_SZ_07032023_039.mzML,Unknown,HILICpos,3
HILICpos/HEU_Batch7_Solvent_Blank_MobileA50B50_HILIC_pos_1_SZ_07202023_001.mzML,HEU_Batch7_Solvent_Blank_MobileA50B50_HILIC_pos_1_SZ_07202023_001.mzML,Solvent_Blank,HILICpos,7
HILICpos/Batch2_HEU032_M_HILIC_pos.mzML,Batch2_HEU032_M_HILIC_pos.mzML,Unknown,HILICpos,2
HILICpos/HEU_Batch4_Sample26_HILIC_pos_SZ_07072023_071.mzML,HEU_Batch4_Sample26_HILIC_pos_SZ_07072023_071.mzML,Unknown,HILICpos,4
HILICpos/Batch2_HEU231_M_HILIC_pos.mzML,Batch2_HEU231_M_HILIC_pos.mzML,Unknown,HILICpos,2
HILICpos/HEU_Batch3_Sample40_HILIC_pos_SZ_07032023_101.mzML,HEU_Batch3_Sample40_HILIC_pos_SZ_07032023_101.mzML,Unknown,HILICpos,3
HILICpos/Batch2_HEU043_B_HILIC_pos.mzML,Batch2_HEU043_B_HILIC_pos.mzML,Unknown,HILICpos,2
HILICpos/HEU_Batch7_Solvent_Blank_MobileA50B50_HILIC_pos_2_SZ_07202023_151.mzML,HEU_Batch7_Solvent_Blank_MobileA50B50_HILIC_pos_2_SZ_07202023_151.mzML,Solvent_Blank,HILICpos,7
HILICpos/HEU_Batch5_Sample18_HILIC_pos_SZ_07132023_053.mzML,HEU_Batch5_Sample18_HILIC_pos_SZ_07132023_053.mzML,Unknown,HILICpos,5
HILICpos/HEU_Batch5_Sample13_HILIC_pos_SZ_07132023_043.mzML,HEU_Batch5_Sample13_HILIC_pos_SZ_07132023_043.mzML,Unknown,HILICpos,5
HILICpos/HEU_Batch8_Sample6_HILIC_pos_SZ_07242023_027.mzML,HEU_Batch8_Sample6_HILIC_pos_SZ_07242023_027.mzML,Unknown,HILICpos,8
HILICpos/HEU_Batch6_Sample53_HILIC_pos_SZ_07172023_131.mzML,HEU_Batch6_Sample53_HILIC_pos_SZ_07172023_131.mzML,Unknown,HILICpos,6
HILICpos/HEU_Batch7_Sample36_HILIC_pos_SZ_07202023_093.mzML,HEU_Batch7_Sample36_HILIC_pos_SZ_07202023_093.mzML,Unknown,HILICpos,7
HILICpos/HEU_Batch8_Sample14_HILIC_pos_SZ_07242023_045.mzML,HEU_Batch8_Sample14_HILIC_pos_SZ_07242023_045.mzML,Unknown,HILICpos,8
HILICpos/HEU_Batch3_Sample29_HILIC_pos_SZ_07032023_077.mzML,HEU_Batch3_Sample29_HILIC_pos_SZ_07032023_077.mzML,Unknown,HILICpos,3
HILICpos/HEU_Batch3_Sample50_HILIC_pos_SZ_07032023_123.mzML,HEU_Batch3_Sample50_HILIC_pos_SZ_07032023_123.mzML,Unknown,HILICpos,3
HILICpos/HEU_Batch8_Sample9_HILIC_pos_SZ_07242023_033.mzML,HEU_Batch8_Sample9_HILIC_pos_SZ_07242023_033.mzML,Unknown,HILICpos,8
HILICpos/HEU_Batch1_Sample12_HILIC_pos_SZ_07272023_041.mzML,HEU_Batch1_Sample12_HILIC_pos_SZ_07272023_041.mzML,Unknown,HILICpos,1
HILICpos/HEU_Batch7_Pool_QC_Injection1uL_HILIC_pos_1_SZ_07202023_015.mzML,HEU_Batch7_Pool_QC_Injection1uL_HILIC_pos_1_SZ_07202023_015.mzML,QC,HILICpos,7
HILICpos/HEU_Batch7_Pool_QC_Injection3uL_HILIC_pos_3_SZ_07202023_059.mzML,HEU_Batch7_Pool_QC_Injection3uL_HILIC_pos_3_SZ_07202023_059.mzML,QC,HILICpos,7
HILICpos/HEU_Batch5_Sample17_HILIC_pos_SZ_07132023_051.mzML,HEU_Batch5_Sample17_HILIC_pos_SZ_07132023_051.mzML,Unknown,HILICpos,5
HILICpos/HEU_Batch6_Sample45_HILIC_pos_SZ_07172023_113.mzML,HEU_Batch6_Sample45_HILIC_pos_SZ_07172023_113.mzML,Unknown,HILICpos,6
HILICpos/Batch2_HEU039_B_HILIC_pos.mzML,Batch2_HEU039_B_HILIC_pos.mzML,Unknown,HILICpos,2
HILICpos/HEU_Batch6_NIST_HILIC_pos_2_SZ_07172023_147.mzML,HEU_Batch6_NIST_HILIC_pos_2_SZ_07172023_147.mzML,NIST,HILICpos,6
HILICpos/Batch2_HEU187_B_HILIC_pos.mzML,Batch2_HEU187_B_HILIC_pos.mzML,Unknown,HILICpos,2
HILICpos/HEU_Batch7_Sample8_HILIC_pos_SZ_07202023_031.mzML,HEU_Batch7_Sample8_HILIC_pos_SZ_07202023_031.mzML,Unknown,HILICpos,7
HILICpos/HEU_Batch7_Sample3_HILIC_pos_SZ_07202023_021.mzML,HEU_Batch7_Sample3_HILIC_pos_SZ_07202023_021.mzML,Unknown,HILICpos,7
HILICpos/Batch2_HEU214_M_HILIC_pos.mzML,Batch2_HEU214_M_HILIC_pos.mzML,Unknown,HILICpos,2
HILICpos/HEU_Batch5_Sample7_HILIC_pos_SZ_07132023_029.mzML,HEU_Batch5_Sample7_HILIC_pos_SZ_07132023_029.mzML,Unknown,HILICpos,5
HILICpos/HEU_Batch5_Qstd_HILIC_pos_2_SZ_07132023_145.mzML,HEU_Batch5_Qstd_HILIC_pos_2_SZ_07132023_145.mzML,Qstd,HILICpos,5
HILICpos/HEU_Batch4_Sample17_HILIC_pos_SZ_07072023_051.mzML,HEU_Batch4_Sample17_HILIC_pos_SZ_07072023_051.mzML,Unknown,HILICpos,4
HILICpos/HEU_Batch6_Sample31_HILIC_pos_SZ_07172023_083.mzML,HEU_Batch6_Sample31_HILIC_pos_SZ_07172023_083.mzML,Unknown,HILICpos,6
HILICpos/HEU_Batch8_Sample23_HILIC_pos_SZ_07242023_065.mzML,HEU_Batch8_Sample23_HILIC_pos_SZ_07242023_065.mzML,Unknown,HILICpos,8
HILICpos/HEU_Batch8_Sample28_HILIC_pos_SZ_07242023_075.mzML,HEU_Batch8_Sample28_HILIC_pos_SZ_07242023_075.mzML,Unknown,HILICpos,8
HILICpos/HEU_Batch3_Sample15_HILIC_pos_SZ_07032023_047.mzML,HEU_Batch3_Sample15_HILIC_pos_SZ_07032023_047.mzML,Unknown,HILICpos,3
HILICpos/HEU_Batch7_Sample10_HILIC_pos_SZ_07202023_035.mzML,HEU_Batch7_Sample10_HILIC_pos_SZ_07202023_035.mzML,Unknown,HILICpos,7
HILICpos/HEU_Batch7_Sample57_HILIC_pos_SZ_07202023_139.mzML,HEU_Batch7_Sample57_HILIC_pos_SZ_07202023_139.mzML,Unknown,HILICpos,7
HILICpos/HEU_Batch3_Sample16_HILIC_pos_SZ_07032023_049.mzML,HEU_Batch3_Sample16_HILIC_pos_SZ_07032023_049.mzML,Unknown,HILICpos,3
HILICpos/HEU_Batch3_Blank_IS_HILIC_pos_2_SZ_07032023_147.mzML,HEU_Batch3_Blank_IS_HILIC_pos_2_SZ_07032023_147.mzML,Blank_IS,HILICpos,3
HILICpos/HEU_Batch6_Sample35_HILIC_pos_SZ_07172023_091.mzML,HEU_Batch6_Sample35_HILIC_pos_SZ_07172023_091.mzML,Unknown,HILICpos,6
HILICpos/HEU_Batch4_Sample18_HILIC_pos_SZ_07072023_053.mzML,HEU_Batch4_Sample18_HILIC_pos_SZ_07072023_053.mzML,Unknown,HILICpos,4
HILICpos/HEU_Batch4_Sample13_HILIC_pos_SZ_07072023_043.mzML,HEU_Batch4_Sample13_HILIC_pos_SZ_07072023_043.mzML,Unknown,HILICpos,4
HILICpos/Solvent_blank_HILICpos_08282025_01.mzML,Solvent_blank_HILICpos_08282025_01.mzML,Solvent_Blank,HILICpos,2
HILICpos/HEU_Batch4_Pool_QC_Injection1uL_HILIC_pos_1_SZ_07072023_015.mzML,HEU_Batch4_Pool_QC_Injection1uL_HILIC_pos_1_SZ_07072023_015.mzML,QC,HILICpos,4
HILICpos/HEU_Batch4_Pool_QC_Injection3uL_HILIC_pos_3_SZ_07072023_059.mzML,HEU_Batch4_Pool_QC_Injection3uL_HILIC_pos_3_SZ_07072023_059.mzML,QC,HILICpos,4
HILICpos/HEU_Batch5_Sample26_HILIC_pos_SZ_07132023_071.mzML,HEU_Batch5_Sample26_HILIC_pos_SZ_07132023_071.mzML,Unknown,HILICpos,5
HILICpos/HEU_Batch6_Sample33_HILIC_pos_SZ_07172023_087.mzML,HEU_Batch6_Sample33_HILIC_pos_SZ_07172023_087.mzML,Unknown,HILICpos,6
HILICpos/HEU_Batch6_Sample38_HILIC_pos_SZ_07172023_097.mzML,HEU_Batch6_Sample38_HILIC_pos_SZ_07172023_097.mzML,Unknown,HILICpos,6
HILICpos/HEU_Batch1_Sample27_HILIC_pos_SZ_07272023_073.mzML,HEU_Batch1_Sample27_HILIC_pos_SZ_07272023_073.mzML,Unknown,HILICpos,1
HILICpos/Batch2_HEU053_M_HILIC_pos.mzML,Batch2_HEU053_M_HILIC_pos.mzML,Unknown,HILICpos,2
HILICpos/Batch2_HEU047_B_HILIC_pos.mzML,Batch2_HEU047_B_HILIC_pos.mzML,Unknown,HILICpos,2
HILICpos/HEU_Batch5_Sample22_HILIC_pos_SZ_07132023_063.mzML,HEU_Batch5_Sample22_HILIC_pos_SZ_07132023_063.mzML,Unknown,HILICpos,5
HILICpos/HEU_Batch5_Sample25_HILIC_pos_SZ_07132023_069.mzML,HEU_Batch5_Sample25_HILIC_pos_SZ_07132023_069.mzML,Unknown,HILICpos,5
HILICpos/Batch2_HEU036_M_HILIC_pos.mzML,Batch2_HEU036_M_HILIC_pos.mzML,Unknown,HILICpos,2
HILICpos/HEU_Batch8_Sample21_HILIC_pos_SZ_07242023_061.mzML,HEU_Batch8_Sample21_HILIC_pos_SZ_07242023_061.mzML,Unknown,HILICpos,8
HILICpos/HEU_Batch7_Sample48_HILIC_pos_SZ_07202023_119.mzML,HEU_Batch7_Sample48_HILIC_pos_SZ_07202023_119.mzML,Unknown,HILICpos,7
HILICpos/HEU_Batch6_Sample37_HILIC_pos_SZ_07172023_095.mzML,HEU_Batch6_Sample37_HILIC_pos_SZ_07172023_095.mzML,Unknown,HILICpos,6
HILICpos/HEU_Batch7_Sample43_HILIC_pos_SZ_07202023_109.mzML,HEU_Batch7_Sample43_HILIC_pos_SZ_07202023_109.mzML,Unknown,HILICpos,7
HILICpos/Process_blank_HILICpos_08282025_02.mzML,Process_blank_HILICpos_08282025_02.mzML,Process_Blank,HILICpos,2
HILICpos/HEU_Batch5_Pool_QC_Injection3uL_HILIC_pos_6_SZ_07132023_125.mzML,HEU_Batch5_Pool_QC_Injection3uL_HILIC_pos_6_SZ_07132023_125.mzML,QC,HILICpos,5
HILICpos/HEU_Batch5_Sample3_HILIC_pos_SZ_07132023_021.mzML,HEU_Batch5_Sample3_HILIC_pos_SZ_07132023_021.mzML,Unknown,HILICpos,5
HILICpos/HEU_Batch7_Sample7_HILIC_pos_SZ_07202023_029.mzML,HEU_Batch7_Sample7_HILIC_pos_SZ_07202023_029.mzML,Unknown,HILICpos,7
HILICpos/Batch2_HEU036_B_HILIC_pos.mzML,Batch2_HEU036_B_HILIC_pos.mzML,Unknown,HILICpos,2
HILICpos/HEU_Batch5_Sample8_HILIC_pos_SZ_07132023_031.mzML,HEU_Batch5_Sample8_HILIC_pos_SZ_07132023_031.mzML,Unknown,HILICpos,5
HILICpos/HEU_Batch7_Sample45_HILIC_pos_SZ_07202023_113.mzML,HEU_Batch7_Sample45_HILIC_pos_SZ_07202023_113.mzML,Unknown,HILICpos,7
HILICpos/HEU_Batch4_Pool_QC_Injection3uL_HILIC_pos_1_SZ_07072023_011.mzML,HEU_Batch4_Pool_QC_Injection3uL_HILIC_pos_1_SZ_07072023_011.mzML,QC,HILICpos,4
HILICpos/HEU_Batch6_Pool_QC_Injection3uL_HILIC_pos_7_SZ_07172023_143.mzML,HEU_Batch6_Pool_QC_Injection3uL_HILIC_pos_7_SZ_07172023_143.mzML,QC,HILICpos,6
HILICpos/HEU_Batch7_Sample53_HILIC_pos_SZ_07202023_131.mzML,HEU_Batch7_Sample53_HILIC_pos_SZ_07202023_131.mzML,Unknown,HILICpos,7
HILICpos/HEU_Batch3_Sample12_HILIC_pos_SZ_07032023_041.mzML,HEU_Batch3_Sample12_HILIC_pos_SZ_07032023_041.mzML,Unknown,HILICpos,3
HILICpos/HEU_Batch1_Sample50_HILIC_pos_SZ_07272023_123.mzML,HEU_Batch1_Sample50_HILIC_pos_SZ_07272023_123.mzML,Unknown,HILICpos,1
HILICpos/HEU_Batch3_Solvent_Blank_MobileA50B50_HILIC_pos_2_SZ_07032023_149.mzML,HEU_Batch3_Solvent_Blank_MobileA50B50_HILIC_pos_2_SZ_07032023_149.mzML,Solvent_Blank,HILICpos,3
HILICpos/HEU_Batch1_Sample29_HILIC_pos_SZ_07272023_077.mzML,HEU_Batch1_Sample29_HILIC_pos_SZ_07272023_077.mzML,Unknown,HILICpos,1
HILICpos/HEU_Batch6_Sample36_HILIC_pos_SZ_07172023_093.mzML,HEU_Batch6_Sample36_HILIC_pos_SZ_07172023_093.mzML,Unknown,HILICpos,6
HILICpos/HEU_Batch5_Sample23_HILIC_pos_SZ_07132023_065.mzML,HEU_Batch5_Sample23_HILIC_pos_SZ_07132023_065.mzML,Unknown,HILICpos,5
HILICpos/HEU_Batch4_Sample14_HILIC_pos_SZ_07072023_045.mzML,HEU_Batch4_Sample14_HILIC_pos_SZ_07072023_045.mzML,Unknown,HILICpos,4
HILICpos/HEU_Batch5_Sample28_HILIC_pos_SZ_07132023_075.mzML,HEU_Batch5_Sample28_HILIC_pos_SZ_07132023_075.mzML,Unknown,HILICpos,5
HILICpos/Batch2_HEU104_M_HILIC_pos.mzML,Batch2_HEU104_M_HILIC_pos.mzML,Unknown,HILICpos,2
HILICpos/HEU_Batch1_Sample11_HILIC_pos_SZ_07272023_039.mzML,HEU_Batch1_Sample11_HILIC_pos_SZ_07272023_039.mzML,Unknown,HILICpos,1
HILICpos/HEU_Batch1_Sample40_HILIC_pos_SZ_07272023_101.mzML,HEU_Batch1_Sample40_HILIC_pos_SZ_07272023_101.mzML,Unknown,HILICpos,1
HILICpos/HEU_Batch7_Sample47_HILIC_pos_SZ_07202023_117.mzML,HEU_Batch7_Sample47_HILIC_pos_SZ_07202023_117.mzML,Unknown,HILICpos,7
HILICpos/HEU_Batch8_Sample26_HILIC_pos_SZ_07242023_071.mzML,HEU_Batch8_Sample26_HILIC_pos_SZ_07242023_071.mzML,Unknown,HILICpos,8
HILICpos/HEU_Batch4_Sample19_HILIC_pos_SZ_07072023_055.mzML,HEU_Batch4_Sample19_HILIC_pos_SZ_07072023_055.mzML,Unknown,HILICpos,4
HILICpos/HEU_Batch6_Sample58_HILIC_pos_SZ_07172023_141.mzML,HEU_Batch6_Sample58_HILIC_pos_SZ_07172023_141.mzML,Unknown,HILICpos,6
HILICpos/HEU_Batch1_Pool_QC_Injection3uL_HILIC_pos_5_SZ_07272023_103.mzML,HEU_Batch1_Pool_QC_Injection3uL_HILIC_pos_5_SZ_07272023_103.mzML,QC,HILICpos,1
HILICpos/HEU_Batch5_Blank_IS_HILIC_pos_1_SZ_07132023_003.mzML,HEU_Batch5_Blank_IS_HILIC_pos_1_SZ_07132023_003.mzML,Blank_IS,HILICpos,5
HILICpos/HEU_Batch1_Sample24_HILIC_pos_SZ_07272023_067.mzML,HEU_Batch1_Sample24_HILIC_pos_SZ_07272023_067.mzML,Unknown,HILICpos,1
HILICpos/HEU_Batch8_Sample25_HILIC_pos_SZ_07242023_069.mzML,HEU_Batch8_Sample25_HILIC_pos_SZ_07242023_069.mzML,Unknown,HILICpos,8
HILICpos/Batch2_HEU161_M_HILIC_pos.mzML,Batch2_HEU161_M_HILIC_pos.mzML,Unknown,HILICpos,2
HILICpos/Batch2_HEU029_B_HILIC_pos.mzML,Batch2_HEU029_B_HILIC_pos.mzML,Unknown,HILICpos,2
HILICpos/HEU_Batch5_Sample21_HILIC_pos_SZ_07132023_061.mzML,HEU_Batch5_Sample21_HILIC_pos_SZ_07132023_061.mzML,Unknown,HILICpos,5
HILICpos/HEU_Batch8_Sample22_HILIC_pos_SZ_07242023_063.mzML,HEU_Batch8_Sample22_HILIC_pos_SZ_07242023_063.mzML,Unknown,HILICpos,8
